id,rating,remark,created_at,contact_id,teammate_id
20676601249920,4,NULL,1711117645,65f9e1a7fdc9558dc275c57f,4460916
20676601308873,4,NULL,1712861961,639b05e41e323db97a6cb34f,4412924
20676601310380,3,NULL,1712839262,6527b94013d69674c17db56a,4412924
20676601310413,5,NULL,1712912089,63725079f279b5eb1c5f22d0,6931264
20676601316357,5,NULL,1712867330,641337aaf076940ccc07fc6a,1555422
20676601316690,4,NULL,1712886409,62a0f14cda8f851f96944d77,4412924
20676601316864,5,Informative,1712878351,64e3b10e2b2a6ef92064f166,4412924
20676601317035,5,NULL,1712886673,65a814839d8774f063a7f75a,4412924
20676601317073,5,NULL,1712893497,65fb4682c291287bc9ab7def,4412924
20676601319155,5,NULL,1712960673,63ce7f7a7d836d5a3f8f0979,4412924
20676601321353,5,NULL,1712949884,5c6fb1d3556a3d56743cc75b,4412924
20676601322463,5,signposted to resources that quickly resolved my issue,1712980982,65f36c812402571f3291ffe6,4412924
20676601370674,4,thank you for your help,1716987522,65686281b9589ae1a9260e8f,4460916
20676601371294,5,NULL,1717071929,6638c632c2814b214d06fbd4,6644835
20676601371371,5,NULL,1717082863,65f858ed37379e3aa8448bd5,6931264
20676601370148,5,NULL,1716989315,63ce7f7a7d836d5a3f8f0979,4412924
20676601369098,3,NULL,1716969779,6579faf2df2459f0e0d3b7de,4460916
20676601371433,5,NULL,1717087697,64666ce27b2562e97fe1027a,4412924
20676601369842,5,NULL,1717048994,63174925848d37018890b7bb,4460916
20676601311392,5,NULL,1712943247,626126eb600c2d068c7e1af6,4412924
20676601310587,4,NULL,1713173328,5b581d8aacdb3378d9ad16e2,6644835
20676601325464,4,NULL,1713072913,5b05a2e251e3aea4c2f2d9da,4412924
20676601326109,5,NULL,1713130922,6502cef8d2c53684419093fc,4412924
20676601326762,4,NULL,1713107089,657020a565a50d1b9f1f1cdf,4412924
20676601310117,5,NULL,1713179781,626126eb600c2d068c7e1af6,4412924
20676601315028,4,"able to find solution to problem. clear, easy to understand guidance.",1713207266,65b0daa7dfbe687a48c39a57,4460916
20676601318694,5,NULL,1713190541,60aba47c4efe32361265b787,4412924
20676601320849,5,NULL,1713215618,641337aaf076940ccc07fc6a,4460916
20676601327761,4,NULL,1713191839,5d08cc48b91f72282320058f,6461379
20676601328150,4,NULL,1713175296,65a643b39d87741f98ed94fe,6931264
20676601329148,4,NULL,1713194050,64552c51378b28cf272fe3bf,6461379
20676601329248,5,NULL,1713201382,626126eb600c2d068c7e1af6,4460916
20676601329251,5,Completed action as requested,1713185650,62b98407dcd3bb8d93c86f96,4412924
20676601241602,5,Query answered and a huge help!,1713262446,659d1d4bc5c8b3c6a1e5acaf,6461379
20676601243481,4,NULL,1713262455,64c3d7d5be23178d3a2bb8b6,6461379
20676601296584,4,NULL,1712133098,659b324dd9fd1e14ec994a48,4460916
20676601326476,5,NULL,1713281720,633d7425339b05c86fd61ea3,6644835
20676601330040,5,NULL,1713204067,62ecf33efd534d4713f4ed1f,4460916
20676601330104,5,NULL,1713269985,61938275fd590542245d40ea,6461379
20676601330133,5,NULL,1713270916,65538a915f8624c26aaf7c9a,6461379
20676601330270,5,NULL,1713194975,64e88b7686961abb0e21e521,4460916
20676601330284,5,NULL,1713204858,65e6e1b4a4671418255ad407,4460916
20676601330413,4,Really helpful thanks.,1713256500,654a5890b691d25b53b2ea87,4412924
20676601330516,4,NULL,1713277777,64ef3c6792d7df53557baa7b,6461379
20676601330577,5,:),1713262642,5b74248f1aa398394d918c4b,6461379
20676601330744,5,Very helpul and great suggestions,1713208958,64f710ec2e6f284f546af114,4460916
20676601331033,5,quick response,1713208606,5da82a22b1f7072761bb914a,4460916
20676601243929,4,NULL,1713262452,65e9970596768ad4c670c753,6461379
20676601248544,2,"Since the system changed I have found it more than frustrating, it is not straight forward or user friendly",1713282635,5f04406663b5059ba01ade20,6461379
20676601248796,4,NULL,1713279285,633d7425339b05c86fd61ea3,6461379
20676601248830,5,Very thorough and good communication throughout,1713279211,65df20ee0f0012a206bc2e26,6461379
20676601248915,3,NULL,1713282638,5dfa89bc64be5805a4908633,6461379
20676601333504,5,NULL,1713281506,60dc3836804c63ee03490d64,4460916
20676601333585,2,because no none is helping me i asked how can i  removed the covid- 19 from this care plan i know how to  update them but its wont let me update it to removed covid - 19,1713279744,5dfdc525b9a4c5b4a3b3b81c,6644835
20676601248936,4,NULL,1713282632,64a53ba165bb875cad078284,6461379
20676601303095,4,NULL,1713280300,65c0cc7bf394af5b79c90e2e,659660
20676601310226,3,NULL,1713294920,6582c0654a56c5c10dc9c649,6461379
20676601332699,4,Excellent feedback & advice,1713346170,631b4a6a0dbb21b1ba8ade7d,6931264
20676601333505,5,Thanks Alex that worked,1713340742,651c045d2e0f96031c33f28d,4412924
20676601335996,5,tyvm,1713362375,6564855777507835046b4ca3,1555422
20676601336109,4,NULL,1713361330,65d33f5d1ebbf6c62068cb32,1555422
20676601336224,4,NULL,1713361048,6346b0235eb4b46ae288048b,1555422
20676601336347,5,NULL,1713373765,6253e8085d192d74b8df7911,4460916
20676601336374,4,thank you,1713362336,661409da34dd646c72175128,1555422
20676601336501,5,Really helpful and quick response,1713359628,626126eb600c2d068c7e1af6,1555422
20676601319810,3,NULL,1713435939,65d331c7e70c047f564cb0a0,6461379
20676601328504,5,Brilliant and easy to understand explanation,1713441987,5fd9e2099e61e71f8ec80ab9,1555422
20676601333300,1,NULL,1713424700,6613bfc3da4d3a0bcfd49c64,5808987
20676601335400,5,Thanks for your help,1713447341,644a7510d9007d981cd7524a,1555422
20676601335665,5,NULL,1713443053,63079f4c53fad236ac844cab,6461379
20676601311457,5,NULL,1713515370,6220badfae8f6769d36c5dfe,6461379
20676601334276,5,NULL,1713514166,65a814839d8774f063a7f75a,6461379
20676601338428,5,NULL,1713456658,6329a90178d22f6249c9d365,6644835
20676601338664,2,NULL,1713445775,5c0ee4c799c38c474b332679,1555422
20676601246628,4,NULL,1713262454,65e1f48cba51eff426e58830,6461379
20676601340720,4,NULL,1713616745,65d33f5d1ebbf6c62068cb32,4460916
20676601342968,4,NULL,1713670839,62a0f14cda8f851f96944d77,4460916
20676601343322,5,NULL,1713698589,5e67bbe1954c9dd0bc93289e,4460916
20676601343375,4,Quick response,1713700204,6557845a0a0e98eae01d3b76,4460916
20676601343598,3,NULL,1713717901,618818aecb066728bd64fba6,4460916
20676601336030,5,NULL,1713786323,63fe12f9aa18976a291ccdae,6461379
20676601340363,4,NULL,1713791836,641ad2aaedbd6f1a0d1eca7e,6644835
20676601340723,4,NULL,1713791915,65c0b28f14509ff8d45bfa02,6461379
20676601336796,1,NULL,1713855383,649018d27b59dd36b381f958,4460916
20676601336894,4,NULL,1713855385,6246ca628f9449dab98aa2bd,4460916
20676601341039,5,NULL,1713860447,648c3a0265ab55f33dcefdd4,6461379
20676601344613,5,NULL,1713783741,648c3a0265ab55f33dcefdd4,6931264
20676601344656,5,NULL,1713789515,64552c51378b28cf272fe3bf,6931264
20676601344752,5,NULL,1713802733,62e05657bd3333bad092fff7,4460916
20676601356352,5,Thank you,1716974463,65c37f984da13a2615bef42d,6931264
20676601371395,5,NULL,1717071386,61e04f9f480322470d747829,4460916
20676601370029,5,NULL,1717048994,64391d9f0f3e90a13712bcc9,4460916
20676601371368,2,NULL,1717073936,6492b700e2c657cf7656dc02,4412924
20676601370203,5,NULL,1717048992,6346b0235eb4b46ae288048b,4460916
20676601370771,5,NULL,1717012914,61e04f9f480322470d747829,6461379
20676601363121,4,NULL,1717107069,65df5208331240e47adefb7f,6461379
20676601369870,4,NULL,1717182460,6630f73bb99b48d37d3c2cd7,6461379
20676601367102,5,NULL,1717166797,63da324763c9013a4bd4cef6,6461379
20676601358120,5,NULL,1717013886,5f7dbeeec6b2b77b07618a98,6461379
20676601371325,5,NULL,1717187596,641337aaf076940ccc07fc6a,6461379
20676601378638,5,NULL,1717192168,65e6e1b4a4671418255ad407,6461379
20676601342304,4,NULL,1713616709,651d760bff50ceea2bd3f826,4460916
20676601342728,4,NULL,1713639933,6408ac9de5e214af230472ce,4460916
20676601341690,5,Really helpful.,1713646545,65f977ae31d176ae71b33133,4460916
20676601342408,4,NULL,1713639522,5e90c4965732e0a783ddaa73,4460916
20676601343605,4,NULL,1713717905,609a52cf6894fd492aba0484,4460916
20676601344167,4,NULL,1713778416,62d51e10bd690e8319ab2df4,6461379
20676601344347,3,NULL,1713786735,6509649ede2a5724f3662a1b,6461379
20676601240766,5,Amazing,1713862711,5c9df90fd9f0c6559018ece8,4460916
20676601342521,5,NULL,1713873331,6257f1c5c2b398d41fe5680c,4460916
20676601344894,5,NULL,1713795566,605dafd5e79fd3ef8659c24c,4460916
20676601344902,5,NULL,1713791287,65f17a94309a43ddbcb22dbd,4460916
20676601345079,5,NULL,1713810269,641337aaf076940ccc07fc6a,6644835
20676601345128,5,NULL,1713802660,6220badfae8f6769d36c5dfe,4460916
20676601333578,5,NULL,1713853886,65705aa8c12d2a670d87695a,4460916
20676601343353,3,NULL,1713873337,63f50d63d06a8c183aafbc79,4460916
20676601344989,4,NULL,1713883585,64391d9f0f3e90a13712bcc9,6644835
20676601347145,3,NULL,1713903904,62d5e62d1337ca29557dae12,6644835
20676601392787,5,NULL,1717697693,63ad81391d6c854e8b74ed18,4412924
20676601383981,4,NULL,1717686573,664b98443017754bf88c15ba,4412924
20676601387576,5,NULL,1717674146,620b730cba730538f8960f88,6931264
20676601387796,4,NULL,1717674258,60a4c4af6865273b24e70212,4460916
20676601367926,4,NULL,1716883949,65ae807a0610683f088ecae0,7397866
20676601368625,4,NULL,1717771173,664327d7f23d343b6b54b5b5,659660
20676601397375,4,VERY HELPFUL,1717789815,65af9250be9858483cb70bf6,4412924
20676601343658,4,NULL,1713816183,65ad639f6b521d1c55d1dff0,6644835
20676601345551,4,NULL,1713946129,64f6f7f2fe650012e29709c5,6931264
20676601349458,5,NULL,1714000150,61e04f9f480322470d747829,6644835
20676601349481,5,fab,1713971158,630f421491df4f35cd0e9079,659660
20676601387867,3,NULL,1717758689,6541299d1c95168b429eede3,6644835
20676601349773,4,NULL,1714025179,63dc052ab8128ed355f2cb22,4460916
20676601349858,5,NULL,1714023716,6434f1a80a3a6a12a5bbac05,4460916
20676601349860,5,NULL,1713994195,661ed64dbac6e3a781e40749,6644835
20676601349926,5,went above and beyond to help,1714006158,60903fa19e8c3d565f57f73e,6644835
20676601349953,5,NULL,1713995699,65d69963a113f784ca21fcf9,6644835
20676601350080,5,Very good quick help and easy to understand thank you,1714025066,661583b10717a47c91f148f3,4460916
20676601336962,5,NULL,1714051591,65d33f5d1ebbf6c62068cb32,659660
20676601340138,5,NULL,1714051552,641337aaf076940ccc07fc6a,659660
20676601340161,4,NULL,1714051569,65d33f5d1ebbf6c62068cb32,659660
20676601340466,5,NULL,1714051606,65d33f5d1ebbf6c62068cb32,659660
20676601346265,5,NULL,1714028259,61e04f9f480322470d747829,4460916
20676601346663,5,NULL,1714035846,63ce7f7a7d836d5a3f8f0979,6461379
20676601347019,5,NULL,1714035662,658571f6a1fa1bea508d08f6,6461379
20676601347598,4,Thank you,1714035932,6040ae7a90454c71c68acae4,6461379
20676601348744,3,took such a long time to get an answer I ended up figuring it out myself.,1714058834,62a1babd3ba152cf1451f199,6644835
20676601348923,4,NULL,1714049480,6534cd40452749bf252c99f0,6644835
20676601311374,5,NULL,1714133384,6346854b311ccf87c2fe57ea,6461379
20676601345384,5,NULL,1714051672,65f17a7ccd84ad467da7fa9b,659660
20676601348784,5,NULL,1714112703,64aeb5528ee1e78065ad9c55,4460916
20676601350250,5,NULL,1714131508,5adf3d5d210eeb199f8da32f,4460916
20676601350336,3,NULL,1714034056,65f2ea96305f4676a3b3d2d7,4460916
20676601350583,5,NULL,1714059621,65d33f5d1ebbf6c62068cb32,6931264
20676601350741,4,NULL,1714115952,6246ca628f9449dab98aa2bd,4460916
20676601348119,5,NULL,1714112706,653a5651593ba072321f7a0b,4460916
20676601350075,5,NULL,1714112550,6604844c368224cd61917fbb,4460916
20676601353139,5,NULL,1714197889,6605d9843c4a86a6793254aa,6644835
20676601353204,4,NULL,1714208530,6461cf6aaccf7445091b929f,6644835
20676601353343,5,thank you so much. you too.,1714235492,657020a565a50d1b9f1f1cdf,6644835
20676601353408,4,NULL,1714230400,64d9f2a499b0f34ba0360240,6644835
20676601353438,4,NULL,1714230543,633fd530cd4dc5d45fb58b14,6644835
20676601353467,5,Fantastic. Really great to sort the problem with minimal messages.,1714250706,660d6170d5bcd47c8b74bd50,6644835
20676601353690,4,Great,1714315509,652f7f2d8642791807232b6e,6644835
20676601353764,4,NULL,1714315586,65f815f9cb3198f07ff4d5eb,6644835
20676601353782,5,NULL,1714324516,627cfbba9b362a6b73c16778,6644835
20676601353867,5,NULL,1714368807,6604844c368224cd61917fbb,4460916
20676601249293,3,I get that you should be able to import another template but from my testing this does not happen. I think there is a wider issue that needs to be investigate,1713946897,626126eb600c2d068c7e1af6,6931264
20676601281911,4,NULL,1714396619,6149d75c37c054ce49372434,6461379
20676601022647,3,NULL,1714027384,637b8e31adf9e1162386125c,4460916
20676601335973,5,NULL,1714380422,64aeb5528ee1e78065ad9c55,6931264
20676601352278,5,NULL,1714378535,5f6075651fc52b275eff1d8c,4460916
20676601353914,5,NULL,1714373296,641337aaf076940ccc07fc6a,4460916
20676601353937,4,Great help!,1714377636,65a800fa2c71e39d85dc5c42,4460916
20676601353995,5,NULL,1714378023,5f4faa96d412d41db6853930,4460916
20676601354022,5,NULL,1714389345,64070f87320bbc38c4d57164,4460916
20676601354154,5,NULL,1714411138,620b730cba730538f8960f88,6461379
20676601354167,5,NULL,1714397467,5e30abef3839575ff5c1df90,6644835
20676601354178,4,NULL,1714390262,60ec1ab0d7e91f308230e5f1,659660
20676601354297,4,NULL,1714463654,609a52cf6894fd492aba0484,6644835
20676601354402,5,NULL,1714401946,63b6a2b447a36a2fb274c695,659660
20676601354406,5,NULL,1714402024,63b6a2b447a36a2fb274c695,659660
20676601354407,4,NULL,1714423839,65ed781cb440e42bacb897bd,4412924
20676601354410,5,NULL,1714408793,65d33f5d1ebbf6c62068cb32,6461379
20676601354411,5,NULL,1714463696,65d33f5d1ebbf6c62068cb32,6644835
20676601354521,4,NULL,1714423365,64552c51378b28cf272fe3bf,4412924
20676601354542,5,NULL,1714423728,65b7aeaddf23f87b25f5565d,4412924
20676601295648,5,great thanks,1714396612,630f421491df4f35cd0e9079,6461379
20676601311832,5,NULL,1714475978,6220badfae8f6769d36c5dfe,6461379
20676601321070,2,NULL,1713371946,642fd0e47fd0e348fed1c3d1,6931264
20676601336504,4,NULL,1714390394,651d760bff50ceea2bd3f826,6461379
20676601354797,4,NULL,1714475055,65ef0fe83f5aa4f49948511c,4460916
20676601354805,4,NULL,1714487889,607d4810875cb4201e6aaf7d,4412924
20676601355256,5,NULL,1714568098,619298ab659c57681c71f9f2,4412924
20676601396020,4,NULL,1717771607,63d8ed9085921c12cbe7fb4c,6644835
20676601395321,4,NULL,1717760755,5ba2565b8988f31d1628b903,4460916
20676601395412,5,thank you,1717765815,64bfcb4fe53ea46a8cde3e0d,659660
20676601389259,4,NULL,1717760907,63d8ed9085921c12cbe7fb4c,6931264
20676601390006,4,NULL,1717761973,63d8ed9085921c12cbe7fb4c,6644835
20676601391123,5,thank you paul,1717774361,664ddf223b00a583da227b07,6931264
20676601391715,5,NULL,1717759675,64b6a0284ac32c277927ed32,4460916
20676601385609,4,NULL,1717748109,65c0cc7bf394af5b79c90e2e,659660
20676601367868,5,NULL,1718099740,651d760bff50ceea2bd3f826,6461379
20676601402903,5,NULL,1718092571,641337aaf076940ccc07fc6a,4412924
20676601403551,4,NULL,1718100920,64bfbd79e5e35a3cd4dc1ca7,7397866
20676601403129,5,very helpful and quick to respond.....thank you :),1718095049,65c627cbc61496bbb2decded,7397866
20676601402242,5,NULL,1718097856,6540088d5efcc712117f2194,7397866
20676601403542,5,five star,1718101502,65e9ab6551c67e3323782396,7397866
20676601249192,5,NULL,1713779621,626126eb600c2d068c7e1af6,6461379
20676601295767,4,NULL,1714147998,59588daae9b1add48cff42c4,6461379
20676601338960,2,NULL,1714467343,64e748b81d8086ac612100fc,6461379
20676601353732,5,NULL,1714325770,63ad81391d6c854e8b74ed18,6644835
20676601354271,5,NULL,1714476229,62b08482afce80d2d484d0d7,6644835
20676601354438,5,NULL,1714468764,6220badfae8f6769d36c5dfe,6461379
26423561881,5,NULL,1585660459,5e14a70328e7b605a367094a,3543040
26423746715,5,NULL,1585661011,5e14a70328e7b605a367094a,3543040
20676600686609,5,NULL,1679509152,5fb6523c08ea6b7d2884e913,5426549
20676601169855,5,NULL,1709544309,6523c49c2672b0abd90c8d14,6644835
20676601170117,5,NULL,1709544306,6523c49c2672b0abd90c8d14,6644835
20676601304406,4,NULL,1714601617,641337aaf076940ccc07fc6a,6461379
20676601307687,4,it's good,1714601611,5dfcb5d5b9a4c5dc2ecbee4d,6461379
20676601317142,5,NULL,1714596340,65a814839d8774f063a7f75a,4412924
20676601355284,4,NULL,1714548312,5f61fef0a9097343a1a823b1,6644835
20676601355464,4,NULL,1714568022,64245fe7c76a56139e1d508e,6644835
20676601355474,5,NULL,1714556011,65e46fd8dd1811272cde7583,4460916
20676601355506,3,NULL,1714559093,5bc9a66a58776e0692c6b7b0,6931264
20676601355762,5,managed to help me with my query 100% happy,1714591270,6421bb49acd3d793f599a924,4412924
20676601356032,4,NULL,1714606849,65b7ba434fa5e8f4b23c8837,4412924
20676601251540,5,NULL,1714648371,626126eb600c2d068c7e1af6,6461379
20676601300464,4,NULL,1714597367,5f04551cd0b40a68a8927aa5,6461379
20676601304116,4,NULL,1714642869,65eed45d0038dad8b9fefd2e,6461379
20676601304423,5,NULL,1714648380,64f5afed92d7df9e2b06bba9,6461379
20676601305380,4,NULL,1714648388,660d3b3328e1332647042923,6461379
20676601201979,4,thank you,1714648373,621765bf1a32c272a76ed035,6461379
20676601264998,5,NULL,1714741762,64f9934cc29a63063639828f,6461379
20676601304304,5,NULL,1714601616,65b7de8d13a5db8afd4bcbe6,6461379
20676601355854,5,NULL,1714643068,61e04f9f480322470d747829,6644835
20676601355857,4,NULL,1714645124,60f938db26334a73ae1dfd35,6931264
20676601355942,5,NULL,1714642804,65fa970e3277017bf4a3a4d3,6644835
20676601356077,4,NULL,1714640060,640ef1fc6931fffbdd480e48,6644835
20676601356110,5,NULL,1714640001,5e85dd8867d8e82381aa8176,6644835
20676601356204,5,NULL,1714738003,651ae447e6ed802019aba5bd,6644835
20676601356217,4,"All good, got the answer i was looking for",1714642779,64b8038824a3f00c37757272,659660
20676601356247,5,NULL,1714648907,5eb50f255d4997a8f642f929,6931264
20676601356264,5,NULL,1714734183,639205584b0ed2e1277c429f,4460916
20676601356425,4,NULL,1714671931,5b51a83c39676aa037509f44,4412924
20676601356505,2,Am not getting the results I need. am very frustrated.  I thought they need to help resolves issues and follow through until outome is achieved.  Not start and you wait endlessly for the next conversation.,1714685979,64258bba49fd449ace853777,4412924
20676601356554,5,NULL,1714724470,6411fdb6d21c23b2b924ebfc,6644835
20676601356638,4,NULL,1714737765,65e9989b78e65a9d4b0a42d3,6931264
20676601356676,5,NULL,1714729264,5adf3d5d210eeb199f8da32f,6644835
20676601356708,5,NULL,1714737598,65d33f5d1ebbf6c62068cb32,6644835
20676601356732,4,NULL,1714725424,662fc41f63bb96f38689c136,6644835
20676601356767,5,NULL,1714730102,6343f21587b9054659a1231f,6931264
20676601356772,5,fast response,1714743131,62c9519499f05f5fb911d901,6931264
20676601356832,2,NULL,1714739173,6023e35ef2e6167b53505cc3,6931264
20676601356861,5,NULL,1714750027,643e732a000111e943e0e3c3,4460916
20676601282980,5,Ok,1714597370,64b6a0284ac32c277927ed32,6461379
20676601296648,5,NULL,1714597360,6203a27f1e98348aa304f41e,6461379
20676601347128,4,NULL,1714112706,65c37d754da13a23d3bee4ab,4460916
20676601354328,4,NULL,1714813534,618818aecb066728bd64fba6,4412924
20676601357206,5,amazing prompt reply,1714769247,65e5d46d48006931a0414153,4412924
20676601357267,5,effective communication,1714787967,65fde29e36822467aa84eee4,4412924
20676601357503,5,NULL,1714837041,65146f8580f2879e5a17ae72,4412924
20676601357663,5,NULL,1714875945,62845df09edb2ccb79a05a35,4412924
20676601358094,5,NULL,1715013509,65e6e1b4a4671418255ad407,6461379
20676601251062,4,NULL,1715077966,64adbba1784b00c140523e9e,6461379
20676601251961,5,NULL,1715029018,645a1120c298a98944b9e1a7,6461379
20676601300785,1,NULL,1714396630,63fcbd19fffb9f03e3a5e8f3,6461379
20676601031654,4,NULL,1715179665,5fbfdbf23054ede26a2338d2,4460916
20676601036156,4,NULL,1715174419,639b05e41e323db97a6cb34f,6931264
20676601309304,5,Quick answer and explained with reasons and what to do next,1715029041,65dcb470956e503d622b9448,6461379
20676601329464,4,NULL,1715029045,639205584b0ed2e1277c429f,6461379
20676601330423,4,NULL,1715029055,5c73b6bac6a6bcdbb20aba36,6461379
20676601351297,5,Very helpful,1715169372,65378d435fd1764728fc4f48,659660
20676601351430,5,NULL,1715077848,6220badfae8f6769d36c5dfe,6461379
20676601352677,4,NULL,1715106104,5c73b6bac6a6bcdbb20aba36,4460916
20676601352722,5,NULL,1715169402,641337aaf076940ccc07fc6a,659660
20676601354392,4,NULL,1715034598,5c73b6bac6a6bcdbb20aba36,6461379
20676601354967,3,NULL,1715108695,6491a3d143e35d6e0636a420,4460916
20676601354978,4,NULL,1715083204,630f421491df4f35cd0e9079,4412924
20676601355168,4,NULL,1715169506,6421625a72634aa5629b2620,659660
20676601355578,4,NULL,1715032142,648c3a0265ab55f33dcefdd4,6461379
20676601355638,5,NULL,1715075998,65378d435fd1764728fc4f48,6461379
20676601355888,5,NULL,1715169534,6630adec8765a6fee614997d,659660
20676601356186,4,NULL,1715079452,634fa01c3c83970abde09179,6461379
20676601356569,4,NULL,1715031431,65f17e5092f0bbb4ab66ae47,6461379
20676601356819,5,NULL,1715071613,6220badfae8f6769d36c5dfe,4412924
20676601356944,5,NULL,1715094129,6602b4c63080bea46209b17d,4460916
20676601357032,4,NULL,1715171092,5ab3aeb25b4f7aa0ae2b0aba,6461379
20676601358061,4,NULL,1714997103,65eb1ee630fc6de278c74aab,6461379
20676601361386,5,very patient and worked hard to get me through the issue I was having thank you,1715521566,65117e903be0de5da5a51dbf,4460916
20676601359001,5,Very helpful,1715156523,64bfbc8490b16c0535b651e7,4412924
20676601363350,4,NULL,1716215308,639205584b0ed2e1277c429f,6461379
20676601363812,5,Thank you,1716368985,66229d16a74b363377e8b2eb,6644835
20676601363816,4,NULL,1716301721,635fc47630faec17a5ece8f4,5808987
20676601364167,5,NULL,1716136640,662f73ce840b5fab6a1696d7,6644835
20676601334590,5,NULL,1714033456,659d646786c9137d23480327,6931264
20676601362771,5,NULL,1715929896,60ed723f792540e0911d5f50,4460916
20676601363944,5,very helpfull,1716230780,6571a9057ee7f56977ccabac,4460916
20676601364543,3,NULL,1716226900,65c3697f156e84d9f5ba9532,4460916
20676601348299,4,NULL,1713949987,614b03283873eb63af5d3db9,4460916
20676601348325,5,NULL,1713947257,63f3757869960136e1efef83,4460916
20676601348565,5,NULL,1713965234,64070f87320bbc38c4d57164,4460916
20676601348939,5,very responsive and helpful,1713965450,65ae4ab539c7e1d081152a10,4460916
20676601349052,5,NULL,1713974867,5f61fef0a9097343a1a823b1,6931264
20676601345342,4,NULL,1713986684,648b115ea9dd0dfd5b16df5b,6644835
20676601345466,5,NULL,1714027389,65993e17c72c18fcd8246ecd,4460916
20676601345479,4,NULL,1714075288,64a53bb6cd920bd73c096009,6644835
20676601345498,5,NULL,1714035932,62cd7c1cfad47090483018c7,6461379
20676601345502,5,Very helpful,1714051650,65378d435fd1764728fc4f48,659660
20676601349078,4,NULL,1714048643,5f9bdd86c8ca190af1be7813,4460916
20676601349197,5,NULL,1714051710,65d33f5d1ebbf6c62068cb32,659660
20676601349349,4,NULL,1714032906,659be349ac50c33bd2d6e0ec,4460916
20676601349681,5,NULL,1714038776,5c6fb1d3556a3d56743cc75b,6461379
20676601349803,5,NULL,1714063130,65a53306a1bc6e251ac113d2,6644835
20676601307141,4,NULL,1714050968,62b18ae077f3cb5a7cfe5c5a,4412924
20676601338581,4,NULL,1714051643,64a965f0f9a93d6cccf01a6a,659660
20676601349047,5,NULL,1714133382,5b7d604946df8581cb5deb08,6461379
20676601349488,5,NULL,1714120293,64552c51378b28cf272fe3bf,4460916
20676601350898,5,NULL,1714137603,5f04551cd0b40a68a8927aa5,4412924
20676601350926,4,NULL,1714130894,639b05e41e323db97a6cb34f,4460916
20676601351059,5,found what i was looking for,1714130771,63b2f04939e8301e5df24852,6461379
20676601351102,4,NULL,1714067802,65b77dbeabcce814b67b6a8b,1555422
20676601351117,5,NULL,1714074414,62824f002d9fbbda66a604a6,6644835
20676601351441,5,thank yo Pavel! You too,1714113317,6411a11ad5955c91ca5815d0,4460916
20676601351505,5,NULL,1714116822,64647dc5b76d39e2b652e77b,4460916
20676601308507,4,NULL,1715029029,658bebbbf24196195170269e,6461379
20676601228330,4,NULL,1715029067,5c73b6bac6a6bcdbb20aba36,6461379
20676601310684,5,great,1715029024,630f421491df4f35cd0e9079,6461379
20676601311403,5,NULL,1715029026,63725079f279b5eb1c5f22d0,6461379
20676601354043,4,NULL,1715108456,63eb97df368203096afbbde5,4460916
20676601355672,4,NULL,1715072649,6447a498789ac47779682423,6461379
20676601356404,5,NULL,1715163515,65f97bc6f12120d2703dd9ad,6461379
20676601356751,4,NULL,1715260828,65686a2baef1817bed945c8c,6931264
20676601358397,4,NULL,1715244683,61dd58569b4fc00b5b3c3f0a,6461379
20676601358470,4,NULL,1715078450,65e9989b78e65a9d4b0a42d3,6644835
20676601358562,4,NULL,1715099469,6246ca628f9449dab98aa2bd,4460916
20676601358710,4,NULL,1715163064,6139d608f31e54c90d796f06,6461379
20676601358740,4,NULL,1715179442,65a90f259e12a4a504537c4b,4460916
20676601359027,4,NULL,1715157170,64552c51378b28cf272fe3bf,6931264
20676601359049,5,NULL,1715163674,647865efbdf6919f17f36d08,6644835
20676601359058,5,NULL,1715242445,5fabdaad620a42930be5a783,6931264
20676601360402,4,NULL,1715345824,65116c6d78240ca565e0bb66,4412924
20676601360418,4,NULL,1715351845,651d760bff50ceea2bd3f826,6931264
20676601360471,4,NULL,1715345848,605218c95b8a75321dd94e09,4412924
20676601360472,5,NULL,1715347088,64c789be445de18073918e47,6644835
20676601360475,5,NULL,1715360038,661e2cdb2ce6562a83a37a14,5808987
20676601359291,5,NULL,1715581545,661522f6e12a761861e0af8a,4460916
20676601359916,2,I am unable to complete the onboarding so ut is still showing on resident timeline. now reading as onboarding for 7 days,1715581545,64428c92bfabf3682f8bf84e,4460916
20676601360615,5,NULL,1715354741,5b5051638cf37e094d66f2a3,6644835
20676601360623,5,NULL,1715349945,65d33f5d1ebbf6c62068cb32,659660
20676601360628,4,NULL,1715360891,64071541a3067b7bc03980cb,4460916
20676601360706,5,NULL,1715361967,62f12325338e19fb2f0ad710,4460916
20676601360716,4,NULL,1715361845,64ff3a08b9e9e08eec06fd2e,4460916
20676601360725,5,NULL,1715367694,663a4e4a5f996d757dade9ab,4460916
20676601360762,5,NULL,1715370175,660f950fd8ad2b4554106665,4460916
20676601360774,5,helped very quickly,1715378262,642b17a87faab7219af4d013,4460916
20676601361087,5,"Thank you Pavel ,I think we are from the same country",1715437816,612f70e121f346bdd938bd5b,4460916
20676601361104,5,NULL,1715500612,641337aaf076940ccc07fc6a,4460916
20676601348348,4,:),1715586008,5ba2565b8988f31d1628b903,4460916
20676601358154,5,"Very happy with Pavel response, later found out it was across the board of the routers and their WiFi connection.",1715189782,5f9a8cc0b240b85b87bb01c5,4460916
20676601359165,5,NULL,1715761800,62b17e6cdb294f4cd83d9557,6461379
20676601361080,4,NULL,1715668782,660d3780ee88546687630175,4460916
20676600750734,4,NULL,1683035915,64133793c04355a3567dc7e2,6461379
20676600750763,5,very helpful & patient.,1683053835,64133793c04355a3567dc7e2,6461379
20676601361826,4,NULL,1715595185,633ae28dfd8c78ba80e8a8ef,4460916
20676601361828,5,NULL,1715596712,5ed77554d32d338978ab1feb,4460916
20676601361851,4,NULL,1715598054,5fc7b8f80c9dfbd7148afaf2,4460916
20676601361814,4,NULL,1715927439,657ac540932a55afba6b4a1b,4460916
20676601358823,5,thank you,1716291821,65304e64f384f7c366c3a382,5808987
20676601363842,5,"Everyone at Nourish, especially James and Pedro did everything they could to resolve this issue.  Thank you all so much for you help.",1715875202,634809352f1616e4d80a832e,6461379
20676601363864,4,NULL,1716301688,62f224346d5ba51cbaeb7985,5808987
20676601363874,4,NULL,1715859889,66447b434a6e2480fa596f34,4460916
20676601364134,4,"Very prompt reply, Thank you.",1715882530,660fe798cb62c964c8dc4f35,6644835
20676601364060,5,Amazing as always,1715878714,6581cdb7ad559e5d86b1890d,6644835
20676601364530,4,NULL,1715940342,62287c24221725885540362f,7397866
20676601364532,5,NULL,1715941472,64be4fb32cb4f1ca8a7f74e7,7397866
20676601364610,4,Quick and accurate support,1716269438,65980941807a69fd36223307,6644835
20676601364670,4,They are doing great,1715953348,65a15fbc683d609b30f8f746,7397866
20676601364674,5,NULL,1715970649,5ed5aaef6df8795d285ed649,6644835
20676601364686,5,NULL,1715952317,638081b2fe1474573ab354f8,6461379
20676601364701,4,great service and quick response.,1715952562,65f15b70730a0b1c3e45d957,7397866
20676601364722,5,NULL,1715975968,6220badfae8f6769d36c5dfe,6644835
20676601364733,4,NULL,1715971958,651b03b251305d6b1a075b4c,6644835
20676601364803,5,NULL,1715961633,615b2e5790e19c6f21959bc8,7397866
20676601264584,5,NULL,1716537574,618934bc902cd9f70a4bcc64,6644835
20676601407726,5,very informative and helpful,1718361833,6540d4a91c84982df9eba798,7397866
20676601361762,3,NULL,1715927376,661e7ca839ffc847ccac4bae,4460916
20676601443314,5,Helpful,1719322793,607052048544ec2b09c4e90d,4412924
20676601445901,5,helpful,1719340287,665d805017c8142c5218964f,6461379
20676601443624,5,NULL,1719312604,5cc8477259130e06eb154d39,6931264
20676601439762,5,Thank you!!!,1719303049,659686f3d69ddd03dcff4075,7397866
20676601407988,4,NULL,1718986194,65bd0e69b25d0976767e0892,6931264
20676601414770,5,NULL,1719325207,61e04f9f480322470d747829,6461379
20676601412137,4,NULL,1718996735,65a98071f8fb1ffbc5c1f44c,4460916
20676601412041,5,NULL,1718996738,65b7de8d13a5db8afd4bcbe6,4460916
20676601227960,4,Thanks for the update,1714133386,6578860fb2e37c9369790530,6461379
20676601291272,5,All sorted thank you!,1714396630,655f3da76c31d10e7e0fc786,6461379
20676601319377,5,NULL,1714383365,6569dea465a50dace1e3c676,6644835
20676601344145,5,NULL,1714390460,658040b0cdd908be05c29ac5,6461379
20676601097929,4,NULL,1707731371,63ce94958ae096ed4d315616,6644835
20676601347237,4,NULL,1714465977,5c73b6bac6a6bcdbb20aba36,6461379
20676601354976,5,NULL,1714556492,5b581d8aacdb3378d9ad16e2,6644835
20676601355068,4,NULL,1714506960,65fd2c42bd2202083731f9b5,4412924
20676601355077,5,NULL,1714552909,65aa74b360827ae997f0faac,659660
20676601355089,4,NULL,1714490211,65f96a7b1f176a50bf328b65,6461379
20676601355188,5,NULL,1714512381,641337aaf076940ccc07fc6a,4412924
20676601350366,5,helpful,1714564919,65a501199f36d1dc1c52fa38,6461379
20676601354560,5,NULL,1714575183,5f4faa96d412d41db6853930,4460916
20676601354898,5,NULL,1714568062,626126eb600c2d068c7e1af6,4412924
20676601302017,4,NULL,1714601618,6450cf71d35cab62d64753c4,6461379
20676601308847,4,Sorry yes all resolved.,1714598902,60740fc1dd9cc39a3f4235da,6461379
20676601303815,4,NULL,1714642864,65a00db2a63d6a30cb59ffff,6461379
20676601303864,4,NULL,1714648380,607efaef7d1bdae08821ac57,6461379
20676601251898,3,NULL,1714735233,64870a135b105f2165a46482,6461379
20676601233086,5,NULL,1714133382,6464e1b7ce5f3eb92c6bcb21,6461379
20676601362503,5,NULL,1715687150,6622676f68f1b37e62668949,6931264
20676601362515,5,NULL,1715769871,62bef0257207b435aa04d8ab,4412924
20676601362885,4,NULL,1715732977,651d1b08be625121a7d47f56,6644835
20676601362897,5,very helpful,1715731605,64d4b63fa1f4c72bb312ee49,6644835
20676601362943,4,NULL,1715759890,5b51a83c39676aa037509f44,4460916
20676601364057,5,NULL,1715982873,6220badfae8f6769d36c5dfe,6644835
20676601364079,4,NULL,1715935651,663a4e4a5f996d757dade9ab,4460916
20676601364434,5,Already setting up a meeting with them!,1715937811,64070f87320bbc38c4d57164,4460916
20676601096861,2,NULL,1707079555,6585be7f9b701873232bf2be,6644835
20676601364522,5,Thanks,1715941822,65dc696de4a1b2c58c0044e7,7397866
20676601366977,4,NULL,1716446544,64647dc5b76d39e2b652e77b,6644835
20676601367003,5,NULL,1716379945,6602c0f75474dab91ac45eab,4412924
20676601367005,5,N/A,1716378202,6602c0f75474dab91ac45eab,4412924
20676601367006,5,NULL,1716379963,6602c0f75474dab91ac45eab,4412924
20676601365778,5,NULL,1716194730,5e20686dc1cb47843f27c751,7397866
20676601365794,5,NULL,1716195175,616967b7f91e8364a476dd61,7397866
20676601365802,5,NULL,1716201415,63c12599ac08002002693089,6644835
20676601400722,5,very helpful,1718041578,65fd3e46218f5b13bf45f2f9,6644835
20676601365807,5,NULL,1716196183,664b0ab480163b7c21ac8ed6,6461379
20676601365809,4,Thanks,1716197578,6578860fb2e37c9369790530,6461379
20676601402367,5,NULL,1718033236,653a9146593ba0144bb2ca68,7397866
20676601365819,4,NULL,1716200207,64df5477484ad4f245d9c4ab,7397866
20676601367671,5,NULL,1716477902,61e04f9f480322470d747829,4460916
20676601367676,5,NULL,1716468512,633d7425339b05c86fd61ea3,7397866
20676601367695,4,NULL,1716551667,60ed723f792540e0911d5f50,4412924
20676601367703,5,NULL,1716472538,63f50d63d06a8c183aafbc79,5808987
20676601367081,4,Happy,1716402483,663ce5126814a2f2e49d1fcd,4460916
20676601367084,4,NULL,1716449248,6581ae7f29b8471307eb5fd7,6644835
20676601366487,4,Paul seemed like a cool person.  We like Paul!,1716293767,663cc77f269bfe15d0404fe9,6931264
20676601366510,5,NULL,1716297581,6220bfe4e820de34a9198130,6644835
20676601366554,4,Thank you and you.,1716297613,5d78b81d6de4c8b90592a1fd,6644835
20676601366564,2,NULL,1716495905,5fb68229eee50bad75e5e98c,4460916
20676601366565,5,NULL,1716363621,65d33f5d1ebbf6c62068cb32,6644835
20676601365908,5,quick response and clear instruction to solve my problem,1716201163,66227919ee30fc1c29be6202,7397866
20676601365909,5,NULL,1716219584,609a52cf6894fd492aba0484,6931264
20676601366047,5,NULL,1716211708,653796749a75a5be6cd83189,4460916
20676601365176,5,Thank you for your quick support :),1716034651,659686f3d69ddd03dcff4075,6644835
20676601366115,4,"it has answered my question, i can now do a test incident form and check that this works.",1716216087,660d39263300c75cc707111d,7397866
20676601366118,4,NULL,1716222646,65ae52f0997a909fef8ed18a,6931264
20676601366944,5,NULL,1716366943,5f927f3f5c60efd2d6c289c3,6644835
20676601365822,5,NULL,1716195908,626126eb600c2d068c7e1af6,7397866
20676601365823,5,NULL,1716196408,5b7d604946df8581cb5deb08,7397866
20676601365869,5,Thank you.,1716199035,65f1a1940b888652c9675998,7397866
20676601366164,5,NULL,1716226454,6515360a2476774758dc71fd,4460916
20676601366179,4,NULL,1716295955,64b6bc20c0ea8045275234dc,4460916
20676601367490,5,always got advice to solve an issue ASAP :),1716446287,60706c3ecedec49eee7eec1f,6644835
20676601367511,5,NULL,1716452780,64660829bb11450b608af07f,6644835
20676601368338,5,NULL,1716555059,6645d3a49ccf0ba7459040f4,6644835
20676601368340,5,NULL,1716561085,653cdad72ccca22520609db5,4460916
20676601367588,4,NULL,1716455753,6346b0235eb4b46ae288048b,7397866
20676601367593,4,NULL,1716460571,65ccc6e96874b75fe5e6bcfd,7397866
20676601401377,4,NULL,1718015669,651d760bff50ceea2bd3f826,7397866
20676601397028,4,NULL,1718023982,64ad9791133b10ff74739221,6931264
20676601402113,4,NULL,1718032558,6613fecccc472d3c235bed67,6644835
20676601383788,4,NULL,1717748206,633ab8ad9538a61aaf1aa7b8,659660
20676601401717,4,NULL,1718023271,6463521fbc5060e2fb193d34,6931264
20676601388667,5,NULL,1718029540,6565bcd3d6aee92f1bcda6f4,7397866
20676601402444,4,was very willing to support with issue.,1718043347,646dd73b758d18476567f89b,6644835
20676601401295,4,"Dan did respond but, we had resolved the issue. Many thanks",1718029606,659bbb7b7eb634cc992c70d4,7397866
20676601401785,4,NULL,1718031273,64d6305e5baf01383bb2ae94,6461379
20676601395499,4,NULL,1718019099,6613b3bfa6e3c5e4c72e835a,4412924
20676601387251,5,NULL,1717616442,5bbc67c803673baf0a822156,4412924
20676601389426,5,Always prompt in sorting these queries out,1718011865,5bbc67c803673baf0a822156,6931264
20676601401729,5,NULL,1718027428,625561c8fd21a6bc89074081,4412924
20676601402509,5,NULL,1718041974,65d4a1688bb1214abd0ecf4b,6644835
20676601386737,4,NULL,1717600035,665dd1ac70303db587e5a23a,4460916
20676601370330,5,NULL,1717748612,64df53bd01d58adabf7ad036,659660
20676601401396,5,NULL,1718026936,64916ae4e2c65718326e5332,4412924
20676601401731,5,Solved my issue straight away,1718029347,65649bf8a1fa6f0d1299c7e1,6644835
20676601385792,5,Great as always and super helpful info from Pavel about a lost device that was recovered at the station,1717615514,5bbc67c803673baf0a822156,4412924
20676601351929,4,NULL,1714135124,63491c9c77293d9f1c580101,4412924
20676601351958,4,NULL,1714132107,642d374999716e1b692ee72c,6461379
20676601351972,4,NULL,1714134046,61ade778b1308da4e276c952,4460916
20676601352034,4,Resolved issue,1714132107,6169550059ed2332db1fbf90,6461379
20676601352265,4,easy communication and problem was resolved within a short time,1714129907,6169550059ed2332db1fbf90,4460916
20676601352371,4,NULL,1714136337,657613e3ffd82f7f4b4c88a2,4460916
20676601352416,4,responsive,1714134524,624abe5761c6d0db57ad5736,4460916
20676601352578,3,"Could have been quicker in terms of response, or better triage to support information required for agent",1714145329,662b9fe482921e8dad654253,4412924
20676601352606,5,NULL,1714145523,62cd7c1cfad47090483018c7,4412924
20676601352826,5,NULL,1714156050,64a2af6c054d7a266f08dfd2,6644835
20676601352839,5,NULL,1714150843,656f197f7307023d7b912f07,4412924
20676601345606,3,I still never understood what to do so my task is not complete. I would say you were as helpful as possbile your end but talking me through it my of got the issue resolved as it stands it has nnot.,1714112704,6603f9dbc0fe17f86cc54201,4460916
20676601198272,4,NULL,1714403355,619298ab659c57681c71f9f2,6461379
20676601279580,4,NULL,1714601607,65a800fa2c71e39d85dc5c42,6461379
20676601251989,4,NULL,1714734596,63b2f04939e8301e5df24852,6461379
20676601252472,2,No technical knowledge from support so little help regarding analytics,1714648390,64997cdacf0da6f241b31e70,6461379
20676601304487,5,NULL,1714601621,65b7de8d13a5db8afd4bcbe6,6461379
20676601304945,5,NULL,1714642867,646369a520752209fac08490,6461379
20676601354217,3,NULL,1714648325,5cab35e9bb668fdb2c66fc16,4460916
20676601354232,5,NULL,1714642860,6411fdb6d21c23b2b924ebfc,6644835
20676601355527,3,NULL,1714653619,5be2f2692266b28ad79715c4,4412924
20676601355533,5,NULL,1714735116,626126eb600c2d068c7e1af6,4460916
20676601355592,4,NULL,1714725174,63ef6644062eb19fae276b8d,6931264
20676601355645,2,NULL,1714649262,65ef3458179be352a0c6f83f,6461379
20676601355717,4,NULL,1714653581,595a031a93d4fb136cb9df6e,4412924
20676601356901,5,NULL,1714740531,6634c0e9d0f6185231440a49,6931264
20676601357053,4,NULL,1714750403,662bb1ea3f1cf907c24d5bd8,659660
20676601357248,5,NULL,1714776082,62b18aad5aca9190a69ed265,4412924
20676601279385,5,NULL,1714598901,6605e08ef4bcfec835937439,6461379
20676601268531,4,NULL,1714648390,65f858ed37379e3aa8448bd5,6461379
20676601309834,2,No safeguarding protection for Maintenance staff. I would like to be able to to Save an entry instead of only being able to Edit and Close. This is a Safeguarding Issue. Please fix,1715029027,6372544a43bf1015dd0e15c4,6461379
20676601311316,4,Overall good support. would have appreciated to get informed directly rather than me chasing it up.,1715181242,62c69c67f5e9e38ff1554241,4460916
20676601314661,5,NULL,1715029017,65c210567f28b13b17cb5240,6461379
20676601321036,1,NULL,1715029034,5bed65b36b4e5c4cda1c3747,6461379
20676601340928,4,NULL,1713546861,62f224346d5ba51cbaeb7985,1555422
20676601346494,4,NULL,1715162717,65bb630cf11db3228fee3998,6461379
20676601350597,5,NULL,1715034601,609111ecbef5bd5ef3a0cd0b,6461379
20676601356871,5,NULL,1715097813,65d33f5d1ebbf6c62068cb32,6931264
20676601357817,5,"thank you for explaining about what I need to do, I'll ask the manager today to request the monthly weight back on",1714941658,646f550f2b19245152b17a17,4412924
20676601357943,5,helped to find where to put the weight.,1715192459,65fdd525f50db4535b5dc08f,1555422
20676601358166,5,NULL,1715013919,65e6e1b4a4671418255ad407,6461379
20676601358170,5,NULL,1715013963,6508134950e338782c76fc3b,6461379
20676601358409,3,Didnt know the answer why,1715080108,65ddb98831e7776be5a44f5a,4412924
20676601358445,5,NULL,1715083029,64070f87320bbc38c4d57164,6931264
20676601358450,5,NULL,1715097986,65784f39548e9dc2684da3b6,6461379
20676601358468,4,NULL,1715097111,6570668afc1dd38d1f2d2704,6644835
20676601258256,4,NULL,1715188550,64c227454415c105b8d12904,1555422
20676601311473,2,NULL,1713774589,637cc98cbff7874da90fd623,6461379
20676601359130,4,NULL,1715173821,59c8fe25572cbbf8781d7ae9,4412924
20676601359132,3,NULL,1715241970,5b5051638cf37e094d66f2a3,6931264
20676601359141,5,NULL,1715183526,65ed209ea55d3924231595e0,659660
20676601359151,5,NULL,1715180418,5ae1dec0774483f1fa73ffa8,6931264
20676601359152,4,NULL,1715178966,6501ca67742d08f1aa2e15bc,6644835
20676601360022,5,NULL,1715273679,615b2e5790e19c6f21959bc8,4460916
20676601360041,5,NULL,1715348281,5942520e818de9d34e0f8ae3,6931264
20676601360043,4,NULL,1715272191,6181118e39312c2f2ffe9efd,6931264
20676601354644,1,too long time for response,1715548832,6523dbd72672b099160463ae,4460916
20676601355805,4,NULL,1715592012,6603ede610fcfab6691da604,6931264
20676601359128,4,NULL,1715581546,5dd66a58b575aadec4b2c272,4460916
20676601359170,2,NULL,1715581546,660e90f432fabe247d35484d,4460916
20676601360648,4,NULL,1715376773,65e6e1b4a4671418255ad407,4460916
20676601360649,5,Amazing and thank you.,1715359585,661a76a2130f24830653bd4b,4460916
20676601344742,5,NULL,1715588781,5d358b2a26e3e9a1003dedec,6931264
20676601360492,5,NULL,1715613158,658c099439145c2a7075912c,6644835
20676601361534,5,NULL,1715549694,65a664a0dc0a0a8757b0acbb,4460916
20676601242699,5,NULL,1715883199,65784f39548e9dc2684da3b6,1555422
20676601359975,5,NULL,1716300406,64465796ae443bb9bed003c3,5808987
20676601363707,5,NULL,1715853023,633d208226af8e18ac35983b,6931264
20676601363728,5,Brilliant help and polite and friendly,1715863194,5f95448fec626127a8d0622f,4460916
20676601397846,5,NULL,1717807407,62f2e9336105b1584e0bcc84,4412924
20676601384855,5,he done more than asked,1717528408,6642243803f2c6734e4f4ba1,4412924
20676601406942,5,Very helpful!,1718295341,6658486fdce05ae071b3870e,7397866
20676601405476,5,NULL,1718281068,658c08f5f5d5c2ecdebb8e20,659660
20676601406167,5,Always very helpful,1718267996,66278b6cdfe577e6dfccecf0,4412924
20676601406490,5,NULL,1718272583,637b6bab899a788c85d4e096,7397866
20676601406834,5,NULL,1718284514,63c12599ac08002002693089,7397866
20676601405347,2,not helpful in this situation,1718296229,6620dba65a35dc167423d6b9,6931264
20676601405726,5,Superb as always ;),1718293671,5bbc67c803673baf0a822156,7397866
20676601406896,5,NULL,1718285870,6660320631a0b5efa352190e,5808987
20676601405194,4,NULL,1718288471,6613b35eeaa16b4d64b4e49c,4412924
20676601406377,4,Thanks Paul,1718277430,6578860fb2e37c9369790530,6931264
20676601406525,5,NULL,1718281517,6343f21587b9054659a1231f,659660
20676601406759,5,NULL,1718283967,6475c47c08a38faee99e60d3,4412924
20676601407137,4,NULL,1718302996,6642243803f2c6734e4f4ba1,6644835
20676601407024,4,NULL,1718304451,663b8be6bf1b617f55059cc5,6644835
20676601411481,1,Didnt answer the question I was asking.,1718886719,638477dcc0f8aa71de241dbc,6931264
20676601417994,2,NULL,1718997506,6570719d8748a0c5491a6a88,4460916
20676601445965,4,NULL,1719398926,649d9bd6d2a97acf5b8c7287,6931264
20676601447384,5,NULL,1719390488,64d0b8218937e47b1231bf0e,6931264
20676601445973,5,NULL,1719333508,6671484c28a85e257eb0d580,4412924
20676601444025,5,NULL,1719390440,5ae1dec0774483f1fa73ffa8,7397866
20676601446928,3,NULL,1719368967,659bc0a5ae16dec4f7dd8685,6461379
20676601388041,4,NULL,1719381458,639205584b0ed2e1277c429f,4460916
20676601422639,4,NULL,1718937069,663139e9f92bb6896548632d,4460916
20676601447841,5,NULL,1719395862,66575752a35fd632362e0937,4460916
20676601447292,5,NULL,1719389477,5f96d07000372d955bc2333d,4460916
20676601438237,4,NULL,1719390362,5fabdaad620a42930be5a783,4412924
20676601289396,4,NULL,1714396626,64adbba1784b00c140523e9e,6461379
20676601299030,4,NULL,1714598888,5f04551cd0b40a68a8927aa5,6461379
20676601299171,4,NULL,1714598903,654b807b4257514c272be050,6461379
20676601306489,3,NULL,1714601610,6492b700e2c657cf7656dc02,6461379
20676601335933,5,NULL,1713436592,6053637a22bc2ee193659920,4412924
20676601359338,5,NULL,1715579399,65784f39548e9dc2684da3b6,4460916
20676601362053,4,NULL,1715677128,5dd57aaf23cf7c747a2ea659,6931264
20676601362566,4,NULL,1715760468,66168d840267ecaac2b38577,6931264
20676601362578,4,NULL,1715704920,65fc4578726df9f05ccc4c47,4412924
20676601363390,5,NULL,1715857321,62f224346d5ba51cbaeb7985,4460916
20676601363659,5,NULL,1715856676,64720090bfd1d6ad20e2ab98,6931264
20676601355076,3,"Unfortunately it has taken 3 weeks of going back and forth to get to this point, I am also finding that response times to queries this way are not as quick as they used to be.",1716287865,6102b717437f17d19223605d,4412924
20676601364202,5,NULL,1715925435,6492bd37effec4293ee44209,4460916
20676601364207,5,NULL,1715890733,65f1f242100a04b329d98c16,6644835
20676601364376,5,NULL,1715948603,64465796ae443bb9bed003c3,4460916
20676601364410,5,NULL,1715939508,6442a190d053192ee6618305,4460916
20676601364487,5,NULL,1715939091,6627be787700665c23b107e9,4460916
20676601364495,4,NULL,1715939776,661f8e1925c1a99ecfcf6c76,6931264
20676601358662,5,Very helpful chap. Appreciate the assistance with the app.,1715189786,663a1594cd99c091d5cc3855,4460916
20676601399938,3,NULL,1718371832,60fbdf4e470f5fae93d7d268,4412924
20676601408029,5,NULL,1718398022,641337aaf076940ccc07fc6a,6644835
20676601406130,5,NULL,1718398121,62b0a1a39c22d8bf32bae1c5,6644835
20676601457499,5,NULL,1719861979,60aba47c4efe32361265b787,6644835
20676601448704,1,NULL,1719823405,65e8512fb753c02c6a38c2c3,6461379
20676601456988,5,James was straight on to the issue that I raised and this was then quickly dealt with,1719843632,6630a14749d6152fb55c301e,6461379
20676601457487,4,NULL,1719862032,5c93be9540b02fae8876d865,6644835
20676601421208,5,NULL,1719841537,65b78275d959d1c51f82e045,6931264
20676601456475,5,NULL,1719843631,64350c324f57151bf17356bf,6461379
20676601456130,5,NULL,1719833485,65c4bd9e19bfe64d20c63bc5,4460916
20676601456024,5,Fast and efficient,1719834792,64a5832b58e77572d695ef02,6461379
20676601455769,5,so helpful and quick at sorting out the issue,1719830763,6630a14749d6152fb55c301e,659660
20676601457205,4,NULL,1719848055,6672c021b0c56439d5c9599a,6461379
20676601457007,3,NULL,1719843682,5df3b5131c35c811b08f6533,6461379
20676601456897,4,NULL,1719844143,63fcc75972502b0ef10f49b3,6461379
20676601456795,5,it was helpful,1719843625,6411a553188925d2ae09bc6a,6461379
20676601455970,5,great instructions and help,1719859912,6548bfd385ae51ebe90bb6dc,6644835
20676601464525,4,NULL,1720278219,65d85f80301a1fd3a7dadbf3,6644835
20676601457458,5,Sorted at the end,1720288084,6642243803f2c6734e4f4ba1,6644835
20676601464498,5,NULL,1720277284,641337aaf076940ccc07fc6a,6644835
20676601396306,2,I need more info,1718617673,651c045d2e0f96031c33f28d,6644835
20676601467619,4,NULL,1720567114,6612690b1d128f9e61eafffb,4412924
20676601467646,4,NULL,1720572298,62b588b82bcf7d4f2be86cb4,4412924
20676601463238,5,NULL,1720605068,641337aaf076940ccc07fc6a,6644835
20676601467604,4,NULL,1720561873,5d358987687774b15a4efbe1,4412924
20676601462830,5,NULL,1720604460,641337aaf076940ccc07fc6a,6644835
20676601411831,2,replies were very very late,1720592734,64b398339f963fafc5b1ec44,6644835
20676601410910,5,Thank you for the help,1720594516,665058bb4f2ec068160cc5cd,6644835
20676601463527,4,NULL,1720607925,6617a1b2d5381f10e3d0c9be,6931264
20676601470166,4,NULL,1720911151,65919aef82caacb77fe3ea62,4412924
20676601469968,4,NULL,1720944623,646c831822cb079d1aa664e3,7397866
20676601470232,5,Responding In time,1720911792,65b77d291faf26cb236fad71,4412924
20676601471933,3,NULL,1721143808,6059c2946097b00815f4504a,7584261
20676601471727,4,NULL,1721146895,6318409a3ac5e8f35864a986,7397866
20676601471530,5,NULL,1721150878,668e5c6391d87f393e29615e,4460916
20676601470532,5,NULL,1721139294,646c831822cb079d1aa664e3,4412924
20676601458402,5,thank you very much,1720419594,592ff0ecf12626f35c6420af,4460916
20676601471074,4,NULL,1721136113,6661e1b6e70a8e533ffa520b,7397866
20676601471741,5,Thank you,1721136528,66950c1f6c48ae343ceb1ed3,4460916
20676601471658,3,Took over 4 hours to get a resolution to original problem,1721146749,656de529e21692e5737fefed,7397866
20676601471059,5,NULL,1721123213,64df53bd01d58adabf7ad036,659660
20676601471146,4,NULL,1721130431,632069284fd30f586429b31e,4412924
20676601471843,5,NULL,1721140292,6687bc420a557bcc5da56682,4460916
20676601471133,5,NULL,1721146864,6436ab70f93715a88b8bc7d0,7397866
20676601471471,5,NULL,1721132007,641337aaf076940ccc07fc6a,6644835
20676601471747,5,NULL,1721136508,64819aaf51971d51ad65216b,4412924
20676601452510,5,thank you,1721122878,66278a2a277e60e372972eb2,659660
20676601471712,4,NULL,1721139559,603638bd69a02d71bcf97908,6644835
20676601471551,5,superb service and very responsive thank you Alex,1721139313,64f846be80f09b52b514e496,4412924
20676601471669,5,Very helpful,1721132714,618bbc4400f7d423fa41c649,6644835
20676601471738,4,NULL,1721133153,653230849227f31d370b8072,4412924
20676601471540,5,NULL,1721146773,641337aaf076940ccc07fc6a,7397866
20676601472011,5,NULL,1721153853,661e3c4bd59756aa1f1c4dc5,4460916
20676601471767,5,NULL,1721143264,668e5c6391d87f393e29615e,4460916
20676601471979,4,"Problem solved, happy enough thanks",1721147276,638dd73d5d510d2ce8a46639,7397866
20676601471779,4,NULL,1721141315,65f18a490c6e2f2ddb409025,6644835
20676601471665,5,NULL,1721134595,606449f0550568b9ef44c181,6931264
20676601472206,5,NULL,1721204584,61e04f9f480322470d747829,4412924
20676601472224,5,NULL,1721210033,641337aaf076940ccc07fc6a,6644835
20676601471811,4,NULL,1721142833,65f1dc7f76e4f36a5769dd0e,4460916
20676601467114,5,NULL,1721122773,6220badfae8f6769d36c5dfe,659660
20676601466295,3,NULL,1721168179,66825a41de95b3351cdc9bec,7584258
20676601467055,5,NULL,1721162803,6617a1c9fc18a48339263699,7584258
20676601469407,5,Thank you. Very good help.,1721210326,6687b621bd3042120a123fdf,6931264
20676601472366,5,NULL,1721208486,650475c1f2b1738405cf0681,659660
20676601471705,5,NULL,1721205618,65c49584154daf8eb8406507,6931264
20676601466954,5,NULL,1721164894,668d12d7b1ed9cf554dd574a,7397866
20676601467397,5,NULL,1721167085,65a65817c9569ea55f92c581,7397866
20676601461765,3,NULL,1721141966,65c4f19a5ae2d31a993167b4,7584258
20676601468053,5,NULL,1721166528,6642243803f2c6734e4f4ba1,7397866
20676601532669,4,NULL,1721500662,635faa043371644eb5ff700c,4460916
20676601532605,5,NULL,1721496125,641337aaf076940ccc07fc6a,4460916
20676601534336,4,NULL,1721670648,646c831822cb079d1aa664e3,6461379
20676601472447,4,NULL,1721654658,6613b3bfa6e3c5e4c72e835a,7397866
20676601534261,4,NULL,1721648789,639205584b0ed2e1277c429f,6644835
20676601463606,4,NULL,1720427096,6687f041ff9c51b94e0fb7fd,7397866
20676601534135,5,NULL,1721656269,662bbcc55d69422279f676cb,6931264
20676601348251,5,NULL,1714467024,630f421491df4f35cd0e9079,6461379
20676601297902,4,NULL,1714597374,5f04551cd0b40a68a8927aa5,6461379
20676601298391,2,waiting time is very long just now for support is there a number we can call for direct support.,1714597372,62f4c445731beae8d1c43038,6461379
20676601254502,4,NULL,1714735233,60f938db26334a73ae1dfd35,6461379
20676601359679,5,NULL,1715247880,5ed77554d32d338978ab1feb,6931264
20676601359693,5,Good,1715244897,61dc817fdad5de42f98d3e71,6644835
20676601359706,5,NULL,1715244961,631ef01b7f9395da350b3003,6931264
20676601359725,5,NULL,1715251244,6502ce8c565768bd19c69abd,6644835
20676601360288,4,Quick and detailed support,1715333180,65980941807a69fd36223307,6931264
20676601276093,3,ok just hard to keep track,1714598896,65117e903be0de5da5a51dbf,6461379
20676601309440,4,NULL,1715017188,6579faf2df2459f0e0d3b7de,6461379
20676601322380,4,NULL,1715029038,62ab04eaec9b390f2d149555,6461379
20676601346697,5,amazing,1715594286,65a10bde354b049e6ce3ced8,4460916
20676601356758,5,NULL,1715595682,656489167d54c8a2b999db73,6931264
20676601356421,5,NULL,1715942468,6220badfae8f6769d36c5dfe,4412924
20676601362294,4,good respond time,1715667155,65c615a05df4ad52f3244c7e,4460916
20676601362298,5,Very informative and fast response.  Well done.,1715675633,661063a834a1b31043a2a14d,4460916
20676601362340,5,NULL,1715929493,65d33f5d1ebbf6c62068cb32,4460916
20676601362406,5,NULL,1715678469,65d3be365c654e966baa2ba1,4460916
20676601358804,5,NULL,1715949191,626126eb600c2d068c7e1af6,6644835
20676601364780,5,NULL,1716283825,6220badfae8f6769d36c5dfe,4412924
20676601363294,4,NULL,1716292016,65e6e1b4a4671418255ad407,659660
20676601462064,4,NULL,1720095476,633df01de559d38483be0bfd,4460916
20676601460290,4,NULL,1720108039,659fb9a9b22d0ba25e684c19,4460916
20676601462248,5,NULL,1720122540,641337aaf076940ccc07fc6a,6644835
20676601462718,5,NULL,1720122220,66826fccc2a250a2c19c5a32,6644835
20676601456047,3,very delayed response,1719942553,5971bb11ba61a059e9fc3d8b,6644835
20676601462017,4,NULL,1720095902,647077f42a03471f1800a3cd,6931264
20676601460030,5,NULL,1720097314,65d33f5d1ebbf6c62068cb32,4412924
20676601463770,5,NULL,1720202723,5d14c2f2ee85de80be7ab156,6644835
20676601461890,3,NULL,1720194092,65cf92da8445d1555756c4de,6931264
20676601463349,4,NULL,1720190165,6582b444ab4563cc4225a8f2,6931264
20676601463273,5,great patience very helpful Thank you.,1720197072,6682d1ffe84e72630c042b6c,4412924
20676601463394,4,"I had to wait several hours for a response, however once Alex picked up the job, he was very helpful, thanks",1720192397,667404a926b62ca07906f7f1,4412924
20676601463628,3,NULL,1720196002,66294e96e332f0d6d6dbe61c,4412924
20676601467016,5,NULL,1721230961,65b398b9d89f6b8ba1b3bc98,7397866
20676601471896,4,Hi Can you please help me to change staff access?,1721291587,668cf9577510ab86353aac93,7584258
20676601466799,2,NULL,1721145342,64e3257c88b1a3212127d2a9,7584258
20676601472662,5,NULL,1721226993,643a944e4c1e543a54943e09,7584254
20676601472727,5,NULL,1721287193,61e04f9f480322470d747829,4412924
20676601473109,5,Very helpfull and answered my question,1721297958,646c869510a024868f37efea,7584254
20676601471090,3,NULL,1721290240,60c86e82051eaabe333b34ad,7584254
20676601468972,5,NULL,1721230626,62fb65a974b501323e7dfa0f,7561785
20676601468470,5,"My apologies, I had missed the reply. Thank you for the information.",1721201218,64f5a53907f6d1753d3d6b72,7584258
20676601473020,4,NULL,1721293727,635a6606c7a8abe3ae3ce191,7584254
20676601472219,5,NULL,1721230974,655223aafc4789174fc1e77e,7397866
20676601472718,4,NULL,1721232040,5f731de309ea2c89ee6cae04,7561785
20676601468981,5,"Hi David, was really helpful and all is sorted now, I have managed to upload, save and send the documents as an attachment",1721205938,64f6f13403ba3a148ba2b0d5,7584254
20676601465790,1,NULL,1721203474,64916cf62c1573303da311c3,7584254
20676601469275,3,NULL,1721206428,6672bc9ff4100e46eef5a7db,7584261
20676601466912,4,NULL,1721230012,65ef20a40dd20841174093e6,7397866
20676601469403,3,NULL,1721144160,5cddcee64c1fe43748d80bc4,7584254
20676601471027,4,NULL,1721285500,62fb65a974b501323e7dfa0f,4412924
20676601533862,4,NULL,1721575597,651bf66df513e97fbb91cc1b,7397866
20676601473690,4,NULL,1721389956,5bb77c99eb586c0436c5d39a,4412924
20676601471557,5,NULL,1721640793,6634c0e9d0f6185231440a49,6644835
20676601473294,5,NULL,1721402423,62287c24221725885540362f,6644835
20676601471566,3,"Well, I felt it took a long time to get back to me bout this and then the information wasn't what I needed. My manager was able to explain that as we had a tenant out in hospital, we had to log them that they were back at the service.",1721381219,660d9319bf6985682e67c10a,7584254
20676601470488,5,NULL,1720967505,6620d063dc4a362ea20f4421,7397866
20676601534128,4,NULL,1721645169,65d333c75c654e48729e3213,7397866
20676601470484,5,NULL,1721229957,6673e41f8dfbab3428e487f9,7397866
20676601468723,5,NULL,1720781528,626126eb600c2d068c7e1af6,4460916
20676601534325,4,NULL,1721726858,648c3a0265ab55f33dcefdd4,4412924
20676601534770,4,NULL,1721722758,5f1fe981a00e4bbcd9918a24,4460916
20676601534697,4,NULL,1721690209,661a4b6c66f8966b0db3db4c,6461379
20676601534679,4,NULL,1721686573,66226feda74b36e0964904ce,6461379
20676601496328,5,Dealt with issue in my absence! Fantastic!,1721731537,659bbb7b7eb634cc992c70d4,7584261
20676601534366,5,NULL,1721677386,65d33f5d1ebbf6c62068cb32,6461379
20676601534143,5,NULL,1721729096,660d161e6ca2ac8425d19491,7397866
20676601534771,5,NULL,1721722819,64feef390ba7aeed00351f91,4460916
20676601535125,5,Thanks Pavel...you too!,1721799553,64b68a54d12effba70915b56,4460916
20676601528733,5,NULL,1721751497,6612690b1d128f9e61eafffb,7397866
20676601535185,4,no messing about did exactly what I needed and although i didn't speak direct to him he read the bots conversation and sorted it out.,1721813936,64c941cbf5d7458ac019b028,7397866
20676601535140,5,NULL,1721810079,66323a4bee02cee2bd5c8bb2,7397866
20676601471975,4,NULL,1721807177,658bebbbf24196195170269e,4460916
20676601452346,4,"the issue has been sorted, thank you Pavel",1721803055,64f86d24c5eed3e1b69e4b8d,4460916
20676601535175,4,NULL,1721814166,616ed8cb2dd5d3f865345b0f,7397866
20676601535324,4,NULL,1721772999,66164fcc9313871638115146,6461379
20676601535480,4,Dan was very responsivbe and helpful.,1721814522,65eedc87aa65f5c089183263,7397866
20676601534411,2,"when a question and reply takes anything from 15mins to 40mins as it did, a short conversation. can take hours which is very frustrating. hardly what one can call a ""live"" chat.",1721807176,668cd2dde4170bfce889657c,4460916
20676601535437,4,NULL,1721814533,65f1dc7f76e4f36a5769dd0e,4460916
20676601535479,4,"very quick to respond. . Answered questions. Unfortunately, Nourish did not do what I wanted, but I have found a work around, its slow, but it gets the information I need.",1721811613,62f224346d5ba51cbaeb7985,4460916
20676601296583,4,NULL,1714598891,660c6a981d128faf977fb8a9,6461379
20676600421756,4,NULL,1684755247,5f843a366fb079f95863acd5,5185998
20676600277879,5,NULL,1654590971,625561c8fd21a6bc89074081,4460916
20676600651820,4,NULL,1678192341,6246ca628f9449dab98aa2bd,4412924
20676600714273,5,NULL,1684754478,61e04f9f480322470d747829,5185998
20676600685304,4,NULL,1679318972,633ad4793dba53e12bc427ff,5320068
20676600695125,4,NULL,1684681284,633aadc0eb3a1ee7029d43bf,4460916
20676600682078,4,NULL,1679051019,5df8db9d03a6fe20ae75b3c3,5550784
20676600758799,4,NULL,1683879680,60644c7e145bf7b15bf70105,6461379
20676600753641,1,NULL,1684754962,60129ad88d73912d62e9c71e,5185998
20676600760644,5,NULL,1684758119,5f4faa96d412d41db6853930,4412924
20676600761548,4,NULL,1684344018,5e8af5320569cc18288694c4,4460916
20676600763233,5,Alex was extremely helpful and so quick getting back.,1684482297,5f778ee8e8f88264e322865f,4412924
20676600762483,4,NULL,1684528706,6450eaaf91f48841a605dcbe,4460916
20676600763392,5,Fabulous,1684514396,631ef01b7f9395da350b3003,5320068
20676600763569,5,Very interesting,1684743316,64677ded880cfd15f00e1596,5320068
20676600763547,5,"Pavel was very helpful, calm and listened.  We resolved my issues.",1684736985,60e40949c9fef0f5e964d394,4460916
20676600763532,5,NULL,1684736984,6332f8eefa12fc756a90b80d,4460916
20676600763644,4,NULL,1684748434,619f9bdaaa797ef9c88d9223,4460916
20676600763581,5,NULL,1684743274,642c4d1cb26bf6973d6e25e7,5320068
20676600763549,5,shared the info and I sorted the issue very quickly. thanks,1684736986,63174925848d37018890b7bb,4460916
20676600764248,5,NULL,1684736972,5eda3fe2a369013b02bc7984,4460916
20676600764278,5,NULL,1684681346,5958aa0593d4fb48bbc02eee,4460916
20676600764310,5,NULL,1684684965,60897a935c69137ddf1881f7,4460916
20676600764061,5,NULL,1684736974,6464e1b7ce5f3eb92c6bcb21,4460916
20676600764227,5,NULL,1684736972,641337aaf076940ccc07fc6a,4460916
20676600764146,4,NULL,1684736974,60a22981a3010e02320bdd01,4460916
20676600764152,1,NULL,1684736973,633d49ed4586bc9229ceae30,4460916
20676600763996,5,"quick, easy and direct to the point. Thank you!",1684593874,60d1a1c3b398232dbbdcaf54,4460916
20676600764068,5,NULL,1684736974,6447d3c5cdc7f41387dc30be,4460916
20676600764321,4,NULL,1684691431,64084236cba71721bc79e3b6,4460916
20676600764338,5,NULL,1684693566,5a69a5514488ee6b4cf94aae,4460916
20676600764235,4,NULL,1684736972,634ff8453b159e0fa90f14ed,4460916
20676600764632,4,NULL,1684751809,5994184c0fa096a12d54bdd9,5320068
20676600764737,5,a very quick answer to my question,1684759244,61dc0b0f600723b2f6053b6d,4460916
20676600764701,4,NULL,1684758642,6040ae7a90454c71c68acae4,4460916
20676600764799,4,NULL,1684770563,6112420c30a197f4cb5ae74d,5320068
20676600764860,5,NULL,1684769264,62c41e3334150c2f3b3577bd,5320068
20676600765163,4,NULL,1684832266,632987e0878da851809b84c9,659660
20676600765161,4,NULL,1684833788,6264fa17397c0ef2fc4683c2,4460916
20676600765003,5,NULL,1684792246,63ce7f7a7d836d5a3f8f0979,6461379
20676600765145,4,NULL,1684831555,643d5d7783be2290f5a31600,4460916
20676600765184,4,NULL,1684833762,61547eee56625161ad7e6d06,4460916
20676600765281,4,NULL,1684918659,637660d66263f448524c0e92,4412924
20676600765164,5,"Friendly, knowledgeable and super helpful as always.",1684834787,62b98407dcd3bb8d93c86f96,4460916
20676600765268,4,Very helpful,1684911434,60647744c11c2d28a93ec868,4460916
20676600765462,4,NULL,1684859606,5df8db9d03a6fe20ae75b3c3,4412924
20676600765304,5,NULL,1684842088,5f5ba59376976f1e9ffa4574,4460916
20676600765464,5,NULL,1684857503,615d6f5661160233ca02b654,4412924
20676600765841,5,NULL,1684942478,627ac6811a177c9ef815f9a9,6461379
20676600765870,3,NULL,1684926547,640711bd36297774ceeb3f43,4460916
20676600765880,5,NULL,1684928376,595a031a93d4fb136cb9df6e,4412924
20676600765971,4,NULL,1684930787,6318b73fff4260dd4cdf3497,4460916
20676600765854,5,NULL,1684922035,643e8dc313067b1c56f42e88,4460916
20676600766428,5,NULL,1684998829,633d208226af8e18ac35983b,4460916
20676600766331,5,NULL,1684963601,6439b9175070504a8597dd50,6461379
20676600766470,5,NULL,1685007364,6040ae7a90454c71c68acae4,4460916
20676600765242,5,NULL,1684999393,645a05b831d30a0ca4f0aeab,4460916
20676600766563,5,NULL,1685008850,611f70c9050f068c0bbee0bc,4460916
20676600762934,5,NULL,1684999157,64392d3637b37ad84311093e,659660
20676600766082,5,NULL,1685015820,6387446c25a9e422a73fe409,6461379
20676600766387,5,NULL,1684996745,637cf1807cfd6373446f4336,4460916
20676600766639,5,helpful and co operative,1685013734,5d8a1ae4e6d31c47531030a0,4460916
20676600766663,5,NULL,1685013752,60ebff15638a56390c26195f,4460916
20676600766683,5,NULL,1685017383,5e1c465a995a6ab11a70847d,4460916
20676600766582,4,NULL,1685018544,61f802121a8f11b5ec038ba4,4412924
20676600766677,4,NULL,1685014536,63207d3c5b1d4c84efd54b02,4460916
20676600766524,4,NULL,1685007772,611a0de0570d56584cf9c4b8,4460916
20676600763010,4,NULL,1685018265,646345d67b25621be0c1073f,659660
20676600765837,4,NULL,1685018391,644907bd267acaeaea53606d,659660
20676600766736,5,NULL,1685021521,60ebff15638a56390c26195f,6461379
20676600766762,5,NULL,1685021885,6254221b947e1a3c371ba15d,6461379
20676600766813,5,NULL,1685025904,5fa7c1aa129fb946d10e4df4,6461379
20676600675950,5,NULL,1678707734,62ab1c89de24efa8c01bfb05,5550784
20676600231348,5,NULL,1647871677,61fa8babe6d0497126d398fe,4412924
20676600242369,4,NULL,1651783368,5c77a8b6df497e204fa766af,4412924
20676600341571,3,NULL,1658414222,61fa8babe6d0497126d398fe,5550784
20676600762970,5,NULL,1684528576,5e399f0518d49fe1f98a3d51,4460916
20676600765181,4,NULL,1684999209,5b0ff18a3640710e9438939f,4460916
20676600765889,4,finished,1685082304,645a4a0fbf544a9e8bd999c1,4460916
20676600765803,5,NULL,1684999807,646c7f90880cfd053adeeebb,4460916
20676600765900,4,NULL,1685082320,63984a5ea59f228bc385f4fa,4460916
20676600766327,1,NULL,1685050047,6364ef10df41c7f7295442f8,6461379
20676600765473,4,very efficient and helpful,1685091488,5df8db9d03a6fe20ae75b3c3,4412924
20676600766911,5,NULL,1685031964,61e7e6455337463261762508,4412924
20676600766919,4,NULL,1685035173,63ea136433e8d2530756055b,6461379
20676600767412,5,NULL,1685111484,5d2efc9af9a1d02d446635af,6461379
20676600767410,5,NULL,1685512195,641dc61e9875794c4bc55843,6461379
20676600767474,5,NULL,1685512509,641dc61e9875794c4bc55843,6461379
20676600767423,4,NULL,1685114470,5fad0af630963e7bcee7d875,4412924
20676600768066,5,NULL,1685275555,63d2662bc05ac73f2e115bfd,6461379
20676600768067,5,NULL,1685513098,62cfec7e3420baa9801633bc,6461379
20676600765495,3,NULL,1685091419,5cc865d61f5c0a7cce2d276c,4412924
20676600769280,5,NULL,1685621088,5fa90d9ddcfe76bf09e3cfb8,4460916
20676600760991,4,NULL,1684877500,60d4851dccadde63e16caef1,5320068
20676600762086,4,NULL,1684761825,6040ae7a90454c71c68acae4,6461379
20676600762255,4,NULL,1684433873,5e8af5320569cc18288694c4,4460916
20676600763310,4,All working at the moment thank you,1684756793,5e2af5287cfdc058e77aad9c,4412924
20676600762277,4,NULL,1684529709,5e9eb938a5d379a556685348,4460916
20676600763625,4,NULL,1684736982,5b617113c64e42ad8a53a2b0,4460916
20676600764416,4,NULL,1684706314,60903fa19e8c3d565f57f73e,4460916
20676600764366,5,NULL,1684693582,62a0f12a6f3de4c3d0175250,4460916
20676600764342,3,NULL,1684692396,6399aa51962551f432a0796a,4460916
20676600764513,5,NULL,1684741601,630f421491df4f35cd0e9079,4460916
20676600764536,5,NULL,1684742875,63e647e7253a41604083553a,4460916
20676600764487,5,NULL,1684740798,5be2c45e43af516bbea7102f,4460916
20676600764663,5,NULL,1684755597,62fcaebaf0f9e4c819fbd098,4460916
20676600764571,5,NULL,1684746535,62456f703de8bbafdeac5d18,4460916
20676600764647,4,NULL,1684767602,6246ca628f9449dab98aa2bd,6461379
20676600764709,4,NULL,1684757878,63ad424b157d2417b6e103f3,4460916
20676600764794,5,NULL,1684764574,64182f2eeab4f1af1de0da68,6461379
20676600764724,5,NULL,1684758405,61e81fbddab72f5fe1826853,6461379
20676600764704,4,Thanks James,1684767211,6419829e9e97415220209434,6461379
20676600764746,4,NULL,1684760527,60a51081f73bd7ea25f6f29c,6461379
20676600764727,4,NULL,1684758967,5b3a08d775e65b5830677898,6461379
20676600764758,4,NULL,1684764468,5e396f602c5585253b1e54f4,6461379
20676600764789,5,Very efficient and polite with good attention to detail. Top marks,1684765299,62b98407dcd3bb8d93c86f96,6461379
20676600765371,5,NULL,1684848277,61a4c09cf38051d725d49d9c,5320068
20676600765373,5,NULL,1684848310,59621ceec79d75364a02d5ee,4460916
20676600765322,4,NULL,1684999834,622f18e995a0a78345f88baf,4460916
20676600765475,5,quickly done thank you,1684858410,630f421491df4f35cd0e9079,4412924
20676600765506,4,NULL,1684859695,5dadd707917f9873d0e65f83,4412924
20676600765690,4,NULL,1684999404,5e8af5320569cc18288694c4,4460916
20676600765503,5,NULL,1684878318,5f5ba59376976f1e9ffa4574,5320068
20676600765730,5,very helpful and quick replies,1684919067,645b5ff6d11f5d064f14351d,4460916
20676600766543,5,NULL,1685008684,6453645b471bf81fd58a945b,4460916
20676600767378,5,NULL,1685117374,62cbcf9399f05f2fbc119eda,4412924
20676600766769,5,NULL,1685028115,635fc47630faec17a5ece8f4,4412924
20676600767246,4,responses still taking a long time - I started a question at 11.27am and finished the conversation at 12.32pm,1685100753,5fabdaad620a42930be5a783,4412924
20676600767826,5,NULL,1685445090,64392d3637b37ad84311093e,1555422
20676600766659,5,NULL,1685542663,62e05657bd3333bad092fff7,4460916
20676600766650,4,NULL,1685543774,644f7030d9007dd88585751e,4412924
20676600767244,5,Awesome and really fast support as always. Thank you Alex!,1685097995,63983ab28323c8ba7a2c3e2a,4412924
20676600767832,5,NULL,1685203917,5f15609a6825230aff74d945,6461379
20676600768411,5,Very friendly. as well as this they are very quick and efficient!,1685364772,64380d6d6643f67cfc26be91,5320068
20676600766661,5,NULL,1685082845,5b9ced76a74690171bcd6e1e,4460916
20676600766749,5,NULL,1685031548,5cdacdc0683fbd2267d4771b,6461379
20676600768641,3,"there was no resolution as what caused the issue, just how to fix it which was lengthy and should not have been needed.",1685444689,62fb65a974b501323e7dfa0f,424810
20676600768652,5,NULL,1685454826,6405c6f38a0d867812ca6b0e,424810
20676600768634,5,NULL,1685434578,5e4d26ed37104761239b9d55,424810
20676600768618,5,"Thank you Jamie, very fast response and was able to add in the missing Apps promptly",1685439514,5e399f0518d49fe1f98a3d51,1555422
20676600768472,5,NULL,1685401204,62fb66648a795b08c3f28f9c,5320068
20676600769139,5,"Helpful as ever, thank you James.",1685611991,6213c0ac488744c367aa4c24,6461379
20676600769037,5,NULL,1685477465,5b7bf3121e49a94c88b37f45,5320068
20676600768993,4,NULL,1685518882,646f343aaefede2f549f74f0,6461379
20676600768983,5,NULL,1685470779,615eb15ddd25bd2858d025ee,5320068
20676600769526,5,NULL,1685549558,615d89b0933875768773544e,4412924
20676600769541,5,NULL,1685553351,63b5675446d1557790e2aaef,5320068
20676600769600,4,NULL,1685564150,640b3c38034d4f400437ee71,5320068
20676600769473,5,NULL,1685609245,6307498de2e7104988a29027,6461379
20676600766555,5,NULL,1685007605,646f26b69c8792e8347e1d15,4460916
20676600770066,4,NULL,1685628715,6040ae7a90454c71c68acae4,6461379
20676600766503,4,NULL,1685015773,63ef74642434dad39d9455ba,5185998
20676600766092,4,NULL,1685093365,6040f8aec6818b54029a380e,4412924
20676600768802,5,NULL,1685458311,5c04fdfc8a5fc3da3fedf108,424810
20676600768760,5,NULL,1685464373,639f7081c502c515b1a8bcc2,5185998
20676600769267,5,was quick and very helpful. Got what i wanted sorted,1685530559,59635464893676e8ab56c191,4460916
20676600768112,4,NULL,1685513362,5da8b0c5b1a46069c82e3af4,6461379
20676600768753,5,NULL,1685446638,6419a180597d9bbe193aa3d3,424810
20676600769664,5,NULL,1685573794,6450d1f94fb7de83587c6f7f,5320068
20676600768718,5,NULL,1685443751,6464b0aed5c5120e6f1d7141,1555422
20676600768793,5,NULL,1685462589,646f17de8e9eb6243b4d3c3d,424810
20676600769167,5,NULL,1685532329,60d33678aaa6f4b7b2896b8e,4412924
20676600769282,5,NULL,1685541045,6226154f8102e3782236e4a2,4460916
20676600768799,4,NULL,1685447566,6321ec73355ea37a7d1e7845,424810
20676600769812,5,great service thank you,1685611471,5e20686dc1cb47843f27c751,6461379
20676600769659,4,really helpful. thank you,1685656066,5c46e6a4ec313ed9d25cb85a,5320068
20676600768929,4,NULL,1685464520,5c73b6bac6a6bcdbb20aba36,1555422
20676600769458,5,NULL,1685573978,632ae113ed42e1c7d4634fe9,5320068
20676600769965,5,NULL,1685623372,5ae1dec0774483f1fa73ffa8,6461379
20676600769375,5,We are having lots of problems with our staff out in the field connecting to nourish despite them having full wifi connection.  This has been noticeably worse over the last 2 weeks.  Please can you look into this and how it can be improved.  Thank you,1685537643,63bd202ddd9ed4cd2aef1a94,6461379
20676600769978,5,very helpful,1685623894,607d8741a4111553d68fd73f,6461379
20676600768863,5,NULL,1685454410,5dfe30f6041b9f1cf8130347,424810
20676600770003,5,NULL,1685626114,607d4810875cb4201e6aaf7d,6461379
20676600376762,5,Mazingly helpful!,1660722867,5ddf84cf6aa4acdcb5143ed0,4460916
20676600617944,5,"if I disable the nourish accident/incident form, what will happen to the triage I setup yesterday?",1676377804,61819041c4d3a7b1ee5d5d39,5320068
20676600770477,4,Fabulous,1685697651,63847b6355f19be8db9d9b0c,6461379
20676600769919,4,NULL,1685692415,6476f875a1beea757e7ddc11,6461379
20676600655151,4,NULL,1679911824,633d7425339b05c86fd61ea3,5185998
20676600529199,4,NULL,1672824935,63849cdd4eb684ae0739c7f8,4460916
20676600767720,5,NULL,1685512794,63d2662bc05ac73f2e115bfd,6461379
20676600764324,5,NULL,1685656597,637e181a7d11db24ffdd562a,5320068
20676600764848,5,NULL,1685657037,642ed88c3cd50ea246fa3adc,5320068
20676600767459,5,NULL,1685118570,6453645b471bf81fd58a945b,4412924
20561757353,5,Very helpful and well said instructional guide. Well done.,1548415008,596b81de14b5832cf7b0e82d,424810
20564026160,4,NULL,1548425872,59652e7ac79d7509ea7baee0,1656942
20676600762812,5,NULL,1684743932,60e1849b9535f429d6142db4,4412924
20676600762337,4,NULL,1684743252,6453645b471bf81fd58a945b,5320068
20676600764335,3,NULL,1684691545,6409bcdf40df807cbd198b76,4460916
20676600764151,1,NULL,1684736973,633d49ed4586bc9229ceae30,4460916
20676600766106,5,NULL,1684943046,62739328bf1a516abb78c83e,4412924
20676600766090,5,NULL,1685004259,61e04f9f480322470d747829,4412924
20676600766055,4,NULL,1684936508,637f5fcdd718e9d56435a7a3,4460916
20676600766015,5,NULL,1684936226,64491425d1fbd5288055acdf,4460916
20676600766063,4,NULL,1684945390,62fb66648a795b08c3f28f9c,4412924
20676600766867,5,NULL,1685094464,631a04bb63668341a12ea55f,4460916
20676600768491,4,NULL,1685383010,628934f4205e2744e88e3d42,5320068
20676600766491,5,thank you,1685082845,5c9ba3db52942c596a7f0e3e,4460916
20676600768927,5,NULL,1685572087,608507904478bde1057ec686,5320068
20676600769934,4,NULL,1685686660,63f38c14ab8c77d9efac8cc0,6461379
20676600770519,5,NULL,1685709445,63c69d41cf3ac3b4512e055f,6461379
20676600769450,5,brilliant. sorted the problem straight away and was friendly and helpful thank you,1685544708,60f96cd0338a193fc67452f4,5320068
20676600768419,3,NULL,1685656515,60a66f84a0ac307cfc64268f,5320068
20676600594202,5,NULL,1674483311,63a2df50de4e18d5b1e9db3d,4412924
20676600766797,5,NULL,1685091065,5fc8ae6e11d94ac1885b1e75,4412924
20676600760916,4,NULL,1684270395,5badf88c2b95b5b49807cd39,4460916
20676600770574,4,NULL,1685704884,61790b030c84fc2cd7f9bd51,6461379
20676600770639,4,NULL,1685716669,6399b7344db80f5e8828c53b,5320068
20676600769347,5,clear and helpful,1685716823,639c43825cb6bf0ecd723959,4412924
20676600677836,2,Hi I haven't had a resolution from you guys for the query i raised yet.,1678876324,5dd669a06e1709149e574579,5550784
20676600764633,3,"wated over 20minutes for a reply and we were still unsure how to locate a body map which was filled out a few days ago ,to print it off. This was an enquire from another ILS house so unsure if this was finally resolved. When we require certain forms filled out from a week or two ago in a hurry i.e to show at health reviews etc its most time consuming trying to locate and upload these important documents (body maps,ABC's etc).",1684907490,60dd86c3272566fb092ad462,4460916
20676600770748,3,NULL,1685719300,61499eca980970550cb53c5f,5320068
20676600768803,5,NULL,1685450264,5eb50f255d4997a8f642f929,3747084
20676600768817,5,NULL,1685451083,632ae113ed42e1c7d4634fe9,1555422
20676600769867,5,Got the answers I needed,1685622372,6424051b38c0c96a46516888,6461379
20676600769960,5,NULL,1685622933,639f7081c502c515b1a8bcc2,4460916
20676600768948,5,Great help. Thanks,1685462229,5b7bf3121e49a94c88b37f45,1555422
20676600770152,5,NULL,1685634867,645b60c366ebbb1b3a09d0e2,4412924
20676600769144,4,NULL,1685526841,5fabdaad620a42930be5a783,6461379
20676600767265,5,NULL,1685698102,64392d3637b37ad84311093e,4460916
20676600000474,5,NULL,1593610147,5ea6bfa238bf190e987d35e8,3061887
20676600036074,4,NULL,1612434338,5c73b6bac6a6bcdbb20aba36,3543040
20676600767588,4,NULL,1685512676,63b76f075cc25ad430cfa7b8,6461379
20676600771027,4,NULL,1685793301,6335904e7a5a81d6de735642,5320068
20676600771074,5,NULL,1685787486,5fb66c28128e35215c67f3f2,5320068
20676600771044,5,NULL,1685801817,623cbab0ae2986c01f03dde6,5320068
20676600771157,4,NULL,1685806124,64345ee3d024b37d359e0402,5320068
20676600769558,5,NULL,1685826515,64392d3637b37ad84311093e,5320068
20676600771500,4,NULL,1685903802,62a078a6880cd69462b68091,5320068
20676600770454,3,NULL,1685952699,63d294b31c64462152fd1612,6461379
20676600770488,5,NULL,1685952827,63f3757869960136e1efef83,6461379
20676600770499,5,NULL,1685952850,635fdb44bd9580152d4824af,6461379
20891558600,4,NULL,1550592902,5aa67ce6f2b53e30049de1d9,424810
21281787383,5,NULL,1557915931,5aa67ce6f2b53e30049de1d9,3061887
20676601461349,4,NULL,1720033871,63c9a3fe250edff1e798574e,6644835
21583006134,5,NULL,1554980927,5aa67ce6f2b53e30049de1d9,424810
22080177538,5,NULL,1558107453,5aa67ce6f2b53e30049de1d9,2977329
22125680550,5,NULL,1558450346,5aa67ce6f2b53e30049de1d9,1656942
22503813707,4,NULL,1560861665,5aa67ce6f2b53e30049de1d9,1656942
22536540694,5,NULL,1561029825,5aa67ce6f2b53e30049de1d9,3061887
22536873030,5,NULL,1561041175,5aa67ce6f2b53e30049de1d9,3061887
