__id__,__linked_objects_data__,__linked_objects_has_more__,__linked_objects_total_count__,__linked_objects_type__
207403600194851,NULL,False,0,list
207403600535105,NULL,False,0,list
207403600204884,NULL,False,0,list
207403600561501,NULL,False,0,list
207403600438329,NULL,False,0,list
207403600337554,NULL,False,0,list
207403600261867,NULL,False,0,list
207403600262097,NULL,False,0,list
207403600392164,NULL,False,0,list
207403600473901,NULL,False,0,list
207403600255946,NULL,False,0,list
207403600261403,NULL,False,0,list
207403600331767,NULL,False,0,list
207403600487873,NULL,False,0,list
207403600358223,NULL,False,0,list
207403600289120,NULL,False,0,list
207403600267799,NULL,False,0,list
207403600436808,NULL,False,0,list
207403600316991,NULL,False,0,list
207403600386279,NULL,False,0,list
207403600261413,NULL,False,0,list
207403600493140,NULL,False,0,list
207403600532478,NULL,False,0,list
207403600382306,NULL,False,0,list
207403600153833,NULL,False,0,list
207403600547156,NULL,False,0,list
207403600493597,NULL,False,0,list
207403600135566,NULL,False,0,list
207403600198570,NULL,False,0,list
207403600204132,NULL,False,0,list
207403600187478,NULL,False,0,list
207403600137243,NULL,False,0,list
207403600392395,NULL,False,0,list
207403600152065,NULL,False,0,list
207403600260120,NULL,False,0,list
207403600263037,NULL,False,0,list
207403600199624,NULL,False,0,list
207403600382005,NULL,False,0,list
207403600201814,NULL,False,0,list
207403600488966,NULL,False,0,list
207403600437878,NULL,False,0,list
207403600559968,NULL,False,0,list
207403600278496,NULL,False,0,list
207403600256559,NULL,False,0,list
207403600496848,NULL,False,0,list
207403600499825,NULL,False,0,list
207403600134853,NULL,False,0,list
207403600265281,NULL,False,0,list
207403600386149,NULL,False,0,list
207403600335910,NULL,False,0,list
207403600290083,NULL,False,0,list
207403600422824,NULL,False,0,list
207403600256341,NULL,False,0,list
207403600262959,NULL,False,0,list
207403600254089,NULL,False,0,list
207403600182316,NULL,False,0,list
207403600322725,NULL,False,0,list
207403600140068,NULL,False,0,list
207403600532637,NULL,False,0,list
207403600370208,NULL,False,0,list
207403600533012,NULL,False,0,list
207403600160000,NULL,False,0,list
207403600199867,NULL,False,0,list
207403600420616,NULL,False,0,list
207403600538707,NULL,False,0,list
207403600541751,NULL,False,0,list
207403600471477,NULL,False,0,list
207403600429915,NULL,False,0,list
207403600474191,NULL,False,0,list
207403600153210,NULL,False,0,list
207403600471861,NULL,False,0,list
207403600543356,NULL,False,0,list
207403600387456,NULL,False,0,list
207403600477372,NULL,False,0,list
207403600499435,NULL,False,0,list
207403600584911,NULL,False,0,list
207403600178997,NULL,False,0,list
207403600535160,NULL,False,0,list
207403600542748,NULL,False,0,list
207403600181766,NULL,False,0,list
207403600352241,NULL,False,0,list
207403600418859,NULL,False,0,list
207403600422845,NULL,False,0,list
207403600140598,NULL,False,0,list
207403600421075,NULL,False,0,list
207403600567045,NULL,False,0,list
207403600391473,NULL,False,0,list
207403600169129,NULL,False,0,list
207403600324565,NULL,False,0,list
207403600252226,NULL,False,0,list
207403600547114,NULL,False,0,list
207403600168735,NULL,False,0,list
207403600585073,NULL,False,0,list
207403600390275,NULL,False,0,list
207403600319237,NULL,False,0,list
207403600471242,NULL,False,0,list
207403600411278,NULL,False,0,list
207403600435033,NULL,False,0,list
207403600113172,NULL,False,0,list
207403600568928,NULL,False,0,list
207403600015856,NULL,False,0,list
207403600415469,NULL,False,0,list
207403600495849,NULL,False,0,list
207403600156443,NULL,False,0,list
207403600392698,NULL,False,0,list
207403600069993,NULL,False,0,list
207403600254921,NULL,False,0,list
207403600279238,NULL,False,0,list
207403600500395,NULL,False,0,list
207403600414217,NULL,False,0,list
207403600141720,NULL,False,0,list
207403600539984,NULL,False,0,list
207403600262137,NULL,False,0,list
207403600012410,NULL,False,0,list
207403600475728,NULL,False,0,list
207403600277498,NULL,False,0,list
207403600197287,NULL,False,0,list
207403600192979,NULL,False,0,list
207403600420295,NULL,False,0,list
207403600191943,NULL,False,0,list
207403600199666,NULL,False,0,list
207403600432776,NULL,False,0,list
207403600336733,NULL,False,0,list
207403600389938,NULL,False,0,list
207403600244306,NULL,False,0,list
207403600158011,NULL,False,0,list
207403600334713,NULL,False,0,list
207403600528885,NULL,False,0,list
207403600206479,NULL,False,0,list
207403600395037,NULL,False,0,list
207403600330404,NULL,False,0,list
207403600422163,NULL,False,0,list
207403600476350,NULL,False,0,list
207403600252832,NULL,False,0,list
207403600499077,NULL,False,0,list
207403600544113,NULL,False,0,list
207403600116210,NULL,False,0,list
207403600324508,NULL,False,0,list
207403600370650,NULL,False,0,list
207403600541687,NULL,False,0,list
207403600561447,NULL,False,0,list
207403600280750,NULL,False,0,list
207403600478882,NULL,False,0,list
207403600266363,NULL,False,0,list
207403600251384,NULL,False,0,list
207403600011860,NULL,False,0,list
207403600395287,NULL,False,0,list
207403600381825,NULL,False,0,list
207403600545248,NULL,False,0,list
207403600462683,NULL,False,0,list
207403600545185,NULL,False,0,list
207403600477995,NULL,False,0,list
207403600411555,NULL,False,0,list
207403600362743,NULL,False,0,list
207403600333201,NULL,False,0,list
207403600577068,NULL,False,0,list
207403600190945,NULL,False,0,list
207403600260558,NULL,False,0,list
207403600199641,NULL,False,0,list
207403600284289,NULL,False,0,list
207403600345234,NULL,False,0,list
207403600252018,NULL,False,0,list
207403600205531,NULL,False,0,list
207403600311473,NULL,False,0,list
207403600532643,NULL,False,0,list
207403600491338,NULL,False,0,list
207403600392198,NULL,False,0,list
207403600575214,NULL,False,0,list
207403600392397,NULL,False,0,list
207403600263110,NULL,False,0,list
207403600567656,NULL,False,0,list
207403600544437,NULL,False,0,list
207403600546092,NULL,False,0,list
207403600360909,NULL,False,0,list
207403600248296,NULL,False,0,list
207403600392218,NULL,False,0,list
207403600533765,NULL,False,0,list
207403600543963,NULL,False,0,list
207403600579093,NULL,False,0,list
207403600190898,NULL,False,0,list
207403600385646,NULL,False,0,list
207403600583657,NULL,False,0,list
207403600540610,NULL,False,0,list
207403600448402,NULL,False,0,list
207403600545862,NULL,False,0,list
207403600254772,NULL,False,0,list
207403600420890,NULL,False,0,list
207403600267652,NULL,False,0,list
207403600140271,NULL,False,0,list
207403600314405,NULL,False,0,list
207403600255889,NULL,False,0,list
207403600430323,NULL,False,0,list
207403600194905,NULL,False,0,list
207403600395147,NULL,False,0,list
207403600267988,NULL,False,0,list
207403600290407,NULL,False,0,list
207403600543278,NULL,False,0,list
207403600289146,NULL,False,0,list
207403600192963,NULL,False,0,list
207403600487440,NULL,False,0,list
207403600369732,NULL,False,0,list
207403600125122,NULL,False,0,list
207403600200731,NULL,False,0,list
207403600253517,NULL,False,0,list
207403600204051,NULL,False,0,list
207403600537317,NULL,False,0,list
207403600387128,NULL,False,0,list
207403600194896,NULL,False,0,list
207403600069072,NULL,False,0,list
207403600132074,NULL,False,0,list
207403600501213,NULL,False,0,list
207403600086960,NULL,False,0,list
207403600491406,NULL,False,0,list
207403600269287,NULL,False,0,list
207403600367102,NULL,False,0,list
207403600389761,NULL,False,0,list
207403600194850,NULL,False,0,list
207403600117180,NULL,False,0,list
207403600291461,NULL,False,0,list
207403600333121,NULL,False,0,list
207403600545069,NULL,False,0,list
207403600456396,NULL,False,0,list
207403600474357,NULL,False,0,list
207403600477758,NULL,False,0,list
207403600260240,NULL,False,0,list
207403600474005,NULL,False,0,list
207403600544738,NULL,False,0,list
207403600260129,NULL,False,0,list
207403600588267,NULL,False,0,list
207403600191414,NULL,False,0,list
207403600429862,NULL,False,0,list
207403600189109,NULL,False,0,list
207403600336847,NULL,False,0,list
207403600540003,NULL,False,0,list
207403600540776,NULL,False,0,list
207403600333434,NULL,False,0,list
207403600330394,NULL,False,0,list
207403600470889,NULL,False,0,list
207403600537844,NULL,False,0,list
207403600459441,NULL,False,0,list
207403600459136,NULL,False,0,list
207403600197004,NULL,False,0,list
207403600336443,NULL,False,0,list
207403600312050,NULL,False,0,list
207403600434542,NULL,False,0,list
207403600527079,NULL,False,0,list
207403600263457,NULL,False,0,list
207403600428068,NULL,False,0,list
207403600543049,NULL,False,0,list
207403600478662,NULL,False,0,list
207403600246543,NULL,False,0,list
207403600207183,NULL,False,0,list
207403600030495,NULL,False,0,list
207403600546378,NULL,False,0,list
207403600122982,NULL,False,0,list
207403600434048,NULL,False,0,list
207403600448082,NULL,False,0,list
207403600268217,NULL,False,0,list
207403600154148,NULL,False,0,list
207403600388907,NULL,False,0,list
207403600513049,NULL,False,0,list
207403600335063,NULL,False,0,list
207403600419150,NULL,False,0,list
207403600244670,NULL,False,0,list
207403600114158,NULL,False,0,list
207403600392939,NULL,False,0,list
207403600188608,NULL,False,0,list
207403600140638,NULL,False,0,list
207403600285590,NULL,False,0,list
207403600244227,NULL,False,0,list
207403600141803,NULL,False,0,list
207403600035606,NULL,False,0,list
207403600358555,NULL,False,0,list
207403600267808,NULL,False,0,list
207403600515552,NULL,False,0,list
207403600261334,NULL,False,0,list
207403600002381,NULL,False,0,list
207403600011673,NULL,False,0,list
207403600197763,NULL,False,0,list
207403600447681,NULL,False,0,list
207403600474286,NULL,False,0,list
207403600251178,NULL,False,0,list
207403600431529,NULL,False,0,list
207403600388839,NULL,False,0,list
207403600542832,NULL,False,0,list
207403600165412,NULL,False,0,list
207403600005397,NULL,False,0,list
207403600478687,NULL,False,0,list
207403600525636,NULL,False,0,list
207403600431302,NULL,False,0,list
207403600472820,NULL,False,0,list
207403600421046,NULL,False,0,list
207403600205328,NULL,False,0,list
207403600540394,NULL,False,0,list
207403600319194,NULL,False,0,list
207403600289138,NULL,False,0,list
207403600263506,NULL,False,0,list
207403600538332,NULL,False,0,list
207403600258334,NULL,False,0,list
207403600532982,NULL,False,0,list
207403600544828,NULL,False,0,list
207403600201250,NULL,False,0,list
207403600310291,NULL,False,0,list
207403600539565,NULL,False,0,list
207403600456564,NULL,False,0,list
207403600542332,NULL,False,0,list
207403600481116,NULL,False,0,list
207403600471244,NULL,False,0,list
207403600474448,NULL,False,0,list
207403600533439,NULL,False,0,list
207403600539383,NULL,False,0,list
207403600393832,NULL,False,0,list
207403600496982,NULL,False,0,list
207403600463878,NULL,False,0,list
207403600463046,NULL,False,0,list
207403600537629,NULL,False,0,list
207403600283544,NULL,False,0,list
207403600260539,NULL,False,0,list
207403600137301,NULL,False,0,list
207403600201801,NULL,False,0,list
207403600317972,NULL,False,0,list
207403600193065,NULL,False,0,list
207403600247328,NULL,False,0,list
207403600393128,NULL,False,0,list
207403600130193,NULL,False,0,list
207403600393017,NULL,False,0,list
207403600247245,NULL,False,0,list
207403600327232,NULL,False,0,list
207403600192285,NULL,False,0,list
207403600420541,NULL,False,0,list
207403600135430,NULL,False,0,list
207403600327978,NULL,False,0,list
207403600495496,NULL,False,0,list
207403600190555,NULL,False,0,list
207403600235595,NULL,False,0,list
207403600254534,NULL,False,0,list
207403600535110,NULL,False,0,list
207403600285996,NULL,False,0,list
207403600282757,NULL,False,0,list
207403600526004,NULL,False,0,list
207403600330130,NULL,False,0,list
207403600265821,NULL,False,0,list
207403600475232,NULL,False,0,list
207403600543668,NULL,False,0,list
207403600324788,NULL,False,0,list
207403600533524,NULL,False,0,list
207403600211943,NULL,False,0,list
207403600532823,NULL,False,0,list
207403600534623,NULL,False,0,list
207403600333045,NULL,False,0,list
207403600243804,NULL,False,0,list
207403600141961,NULL,False,0,list
207403600363725,NULL,False,0,list
207403600252254,NULL,False,0,list
207403600248607,NULL,False,0,list
207403600205713,NULL,False,0,list
207403600008651,NULL,False,0,list
207403600246710,NULL,False,0,list
207403600565766,NULL,False,0,list
207403600563094,NULL,False,0,list
207403600258521,NULL,False,0,list
207403600543028,NULL,False,0,list
207403600202967,NULL,False,0,list
207403600001514,NULL,False,0,list
207403600540373,NULL,False,0,list
207403600255990,NULL,False,0,list
207403600165552,NULL,False,0,list
207403600389078,NULL,False,0,list
207403600247295,NULL,False,0,list
207403600469152,NULL,False,0,list
207403600277082,NULL,False,0,list
207403600269247,NULL,False,0,list
207403600193908,NULL,False,0,list
207403600395380,NULL,False,0,list
207403600300883,NULL,False,0,list
207403600198270,NULL,False,0,list
207403600421170,NULL,False,0,list
207403600421732,NULL,False,0,list
207403600527103,NULL,False,0,list
207403600165242,NULL,False,0,list
207403600261800,NULL,False,0,list
207403600547783,NULL,False,0,list
207403600444977,NULL,False,0,list
207403600501285,NULL,False,0,list
207403600389061,NULL,False,0,list
207403600130244,NULL,False,0,list
207403600186487,NULL,False,0,list
207403600370343,NULL,False,0,list
207403600371719,NULL,False,0,list
207403600427868,NULL,False,0,list
207403600336884,NULL,False,0,list
207403600285748,NULL,False,0,list
207403600464679,NULL,False,0,list
207403600262189,NULL,False,0,list
207403600268871,NULL,False,0,list
207403600334335,NULL,False,0,list
207403600484997,NULL,False,0,list
207403600331627,NULL,False,0,list
207403600433361,NULL,False,0,list
207403600193122,NULL,False,0,list
207403600469784,NULL,False,0,list
207403600257886,NULL,False,0,list
207403600375932,NULL,False,0,list
207403600387294,NULL,False,0,list
207403600305181,NULL,False,0,list
207403600479208,NULL,False,0,list
207403600331015,NULL,False,0,list
207403600296838,NULL,False,0,list
207403600189703,NULL,False,0,list
207403600540315,NULL,False,0,list
207403600178205,NULL,False,0,list
207403600197418,NULL,False,0,list
207403600576788,NULL,False,0,list
207403600330380,NULL,False,0,list
207403600325844,NULL,False,0,list
207403600388842,NULL,False,0,list
207403600429948,NULL,False,0,list
207403600140351,NULL,False,0,list
207403600553369,NULL,False,0,list
207403600261451,NULL,False,0,list
207403600540852,NULL,False,0,list
207403600587890,NULL,False,0,list
207403600395023,NULL,False,0,list
207403600575743,NULL,False,0,list
207403600495862,NULL,False,0,list
207403600572087,NULL,False,0,list
207403600418786,NULL,False,0,list
207403600478406,NULL,False,0,list
207403600545831,NULL,False,0,list
207403600193274,NULL,False,0,list
207403600365570,NULL,False,0,list
207403600534161,NULL,False,0,list
207403600292061,NULL,False,0,list
207403600434250,NULL,False,0,list
207403600527374,NULL,False,0,list
207403600250780,NULL,False,0,list
207403600252282,NULL,False,0,list
207403600392225,NULL,False,0,list
207403600366073,NULL,False,0,list
207403600266371,NULL,False,0,list
207403600413107,NULL,False,0,list
207403600357442,NULL,False,0,list
207403600545313,NULL,False,0,list
207403600164560,NULL,False,0,list
207403600372275,NULL,False,0,list
207403600385744,NULL,False,0,list
207403600261891,NULL,False,0,list
207403600413396,NULL,False,0,list
207403600331608,NULL,False,0,list
207403600169000,NULL,False,0,list
207403600273762,NULL,False,0,list
207403600489792,NULL,False,0,list
207403600272810,NULL,False,0,list
207403600366616,NULL,False,0,list
207403600556999,NULL,False,0,list
207403600204910,NULL,False,0,list
207403600540616,NULL,False,0,list
207403600470667,NULL,False,0,list
207403600478301,NULL,False,0,list
207403600254599,NULL,False,0,list
207403600395563,NULL,False,0,list
207403600481873,NULL,False,0,list
207403600263293,NULL,False,0,list
207403600530648,NULL,False,0,list
207403600290607,NULL,False,0,list
207403600202992,NULL,False,0,list
207403600261713,NULL,False,0,list
207403600560649,NULL,False,0,list
207403600035382,NULL,False,0,list
207403600363763,NULL,False,0,list
207403600004162,NULL,False,0,list
207403600539978,NULL,False,0,list
207403600292692,NULL,False,0,list
207403600336347,NULL,False,0,list
207403600187370,NULL,False,0,list
207403600540381,NULL,False,0,list
207403600333459,NULL,False,0,list
207403600137427,NULL,False,0,list
207403600268323,NULL,False,0,list
207403600197454,NULL,False,0,list
207403600365770,NULL,False,0,list
207403600501136,NULL,False,0,list
207403600496008,NULL,False,0,list
207403600254944,NULL,False,0,list
207403600395560,NULL,False,0,list
207403600516561,NULL,False,0,list
207403600566739,NULL,False,0,list
207403600250193,NULL,False,0,list
207403600499985,NULL,False,0,list
207403600283981,NULL,False,0,list
207403600251388,NULL,False,0,list
207403600253467,NULL,False,0,list
207403600383690,NULL,False,0,list
207403600414178,NULL,False,0,list
207403600127467,NULL,False,0,list
207403600160172,NULL,False,0,list
207403600283295,NULL,False,0,list
207403600008646,NULL,False,0,list
207403600427075,NULL,False,0,list
207403600194922,NULL,False,0,list
207403600556431,NULL,False,0,list
207403600421411,NULL,False,0,list
207403600202871,NULL,False,0,list
207403600371965,NULL,False,0,list
207403600478368,NULL,False,0,list
207403600391023,NULL,False,0,list
207403600469794,NULL,False,0,list
207403600131750,NULL,False,0,list
207403600197385,NULL,False,0,list
207403600457535,NULL,False,0,list
207403600378667,NULL,False,0,list
207403600264717,NULL,False,0,list
207403600546411,NULL,False,0,list
207403600372051,NULL,False,0,list
207403600142090,NULL,False,0,list
207403600254812,NULL,False,0,list
207403600421972,NULL,False,0,list
207403600284205,NULL,False,0,list
207403600383561,NULL,False,0,list
207403600184361,NULL,False,0,list
207403600255972,NULL,False,0,list
207403600137558,NULL,False,0,list
207403600439096,NULL,False,0,list
207403600263389,NULL,False,0,list
207403600389089,NULL,False,0,list
207403600585666,NULL,False,0,list
207403600494457,NULL,False,0,list
207403600254724,NULL,False,0,list
207403600317144,NULL,False,0,list
207403600527931,NULL,False,0,list
207403600201103,NULL,False,0,list
207403600256112,NULL,False,0,list
207403600372196,NULL,False,0,list
207403600421122,NULL,False,0,list
207403600390870,NULL,False,0,list
207403600198268,NULL,False,0,list
207403600570240,NULL,False,0,list
207403600193218,NULL,False,0,list
207403600199008,NULL,False,0,list
207403600122748,NULL,False,0,list
207403600474848,NULL,False,0,list
207403600528347,NULL,False,0,list
207403600263232,NULL,False,0,list
207403600319057,NULL,False,0,list
207403600477211,NULL,False,0,list
207403600283385,NULL,False,0,list
207403600475350,NULL,False,0,list
207403600561899,NULL,False,0,list
207403600476255,NULL,False,0,list
207403600440730,NULL,False,0,list
207403600570111,NULL,False,0,list
207403600289010,NULL,False,0,list
207403600546890,NULL,False,0,list
207403600256421,NULL,False,0,list
207403600444211,NULL,False,0,list
207403600436820,NULL,False,0,list
207403600251056,NULL,False,0,list
207403600137889,NULL,False,0,list
207403600431498,NULL,False,0,list
207403600195076,NULL,False,0,list
207403600114726,NULL,False,0,list
207403600252619,NULL,False,0,list
207403600312358,NULL,False,0,list
207403600274153,NULL,False,0,list
207403600472372,NULL,False,0,list
207403600282369,NULL,False,0,list
207403600538431,NULL,False,0,list
207403600466476,NULL,False,0,list
207403600520683,NULL,False,0,list
207403600197163,NULL,False,0,list
207403600493967,NULL,False,0,list
207403600372338,NULL,False,0,list
207403600244271,NULL,False,0,list
207403600495728,NULL,False,0,list
207403600193900,NULL,False,0,list
207403600526599,NULL,False,0,list
207403600476060,NULL,False,0,list
207403600579516,NULL,False,0,list
207403600248472,NULL,False,0,list
207403600207047,NULL,False,0,list
207403600421216,NULL,False,0,list
207403600395393,NULL,False,0,list
207403600207036,NULL,False,0,list
207403600520347,NULL,False,0,list
207403600390926,NULL,False,0,list
207403600318814,NULL,False,0,list
207403600456264,NULL,False,0,list
207403600582448,NULL,False,0,list
207403600280445,NULL,False,0,list
207403600372239,NULL,False,0,list
207403600544368,NULL,False,0,list
207403600445028,NULL,False,0,list
207403600283692,NULL,False,0,list
207403600381539,NULL,False,0,list
207403600368858,NULL,False,0,list
207403600527627,NULL,False,0,list
207403600331473,NULL,False,0,list
207403600525361,NULL,False,0,list
207403600267695,NULL,False,0,list
207403600197650,NULL,False,0,list
207403600517106,NULL,False,0,list
207403600498568,NULL,False,0,list
207403600336793,NULL,False,0,list
207403600187669,NULL,False,0,list
207403600289839,NULL,False,0,list
207403600324333,NULL,False,0,list
207403600134637,NULL,False,0,list
207403600327466,NULL,False,0,list
207403600481808,NULL,False,0,list
207403600138047,NULL,False,0,list
207403600330399,NULL,False,0,list
207403600166219,NULL,False,0,list
207403600374388,NULL,False,0,list
207403600540759,NULL,False,0,list
207403600205735,NULL,False,0,list
207403600252954,NULL,False,0,list
207403600255240,NULL,False,0,list
207403600435173,NULL,False,0,list
207403600333077,NULL,False,0,list
207403600282544,NULL,False,0,list
207403600289192,NULL,False,0,list
207403600197069,NULL,False,0,list
207403600263124,NULL,False,0,list
207403600497930,NULL,False,0,list
207403600362637,NULL,False,0,list
207403600531408,NULL,False,0,list
207403600190628,NULL,False,0,list
207403600323187,NULL,False,0,list
207403600409027,NULL,False,0,list
207403600335010,NULL,False,0,list
207403600463675,NULL,False,0,list
207403600477913,NULL,False,0,list
207403600388519,NULL,False,0,list
207403600334917,NULL,False,0,list
207403600265403,NULL,False,0,list
207403600421391,NULL,False,0,list
207403600561558,NULL,False,0,list
207403600482199,NULL,False,0,list
207403600541543,NULL,False,0,list
207403600471968,NULL,False,0,list
207403600489631,NULL,False,0,list
207403600282519,NULL,False,0,list
207403600280627,NULL,False,0,list
207403600501341,NULL,False,0,list
207403600576061,NULL,False,0,list
207403600493501,NULL,False,0,list
207403600267819,NULL,False,0,list
207403600198712,NULL,False,0,list
207403600050480,NULL,False,0,list
207403600488001,NULL,False,0,list
207403600404190,NULL,False,0,list
207403600189269,NULL,False,0,list
207403600251567,NULL,False,0,list
207403600157787,NULL,False,0,list
207403600412917,NULL,False,0,list
207403600243848,NULL,False,0,list
207403600289000,NULL,False,0,list
207403600402690,NULL,False,0,list
207403600188242,NULL,False,0,list
207403600302287,NULL,False,0,list
207403600265679,NULL,False,0,list
207403600427896,NULL,False,0,list
207403600366503,NULL,False,0,list
207403600280669,NULL,False,0,list
207403600547099,NULL,False,0,list
207403600280159,NULL,False,0,list
207403600249321,NULL,False,0,list
207403600157499,NULL,False,0,list
207403600166493,NULL,False,0,list
207403600395446,NULL,False,0,list
207403600387023,NULL,False,0,list
207403600470375,NULL,False,0,list
207403600034240,NULL,False,0,list
207403600355306,NULL,False,0,list
207403600480951,NULL,False,0,list
207403600383017,NULL,False,0,list
207403600389458,NULL,False,0,list
207403600292386,NULL,False,0,list
207403600566861,NULL,False,0,list
207403600251468,NULL,False,0,list
207403600195241,NULL,False,0,list
207403600137182,NULL,False,0,list
207403600247023,NULL,False,0,list
207403600163904,NULL,False,0,list
207403600167840,NULL,False,0,list
207403600440321,NULL,False,0,list
207403600510252,NULL,False,0,list
207403600332925,NULL,False,0,list
207403600420629,NULL,False,0,list
207403600419962,NULL,False,0,list
207403600539638,NULL,False,0,list
207403600285994,NULL,False,0,list
207403600535217,NULL,False,0,list
207403600193182,NULL,False,0,list
207403600478442,NULL,False,0,list
207403600559629,NULL,False,0,list
207403600472328,NULL,False,0,list
207403600178226,NULL,False,0,list
207403600278973,NULL,False,0,list
207403600264679,NULL,False,0,list
207403600267839,NULL,False,0,list
207403600192356,NULL,False,0,list
207403600475655,NULL,False,0,list
207403600262061,NULL,False,0,list
207403600558076,NULL,False,0,list
207403600193901,NULL,False,0,list
207403600263166,NULL,False,0,list
207403600283626,NULL,False,0,list
207403600291046,NULL,False,0,list
207403600542586,NULL,False,0,list
207403600471869,NULL,False,0,list
207403600447472,NULL,False,0,list
207403600137670,NULL,False,0,list
207403600244426,NULL,False,0,list
207403600212053,NULL,False,0,list
207403600476652,NULL,False,0,list
207403600588435,NULL,False,0,list
207403600197278,NULL,False,0,list
207403600274018,NULL,False,0,list
207403600251190,NULL,False,0,list
207403600461462,NULL,False,0,list
207403600536228,NULL,False,0,list
207403600420730,NULL,False,0,list
207403600461112,NULL,False,0,list
207403600167136,NULL,False,0,list
207403600201032,NULL,False,0,list
207403600542982,NULL,False,0,list
207403600260138,NULL,False,0,list
207403600361725,NULL,False,0,list
207403600282391,NULL,False,0,list
207403600557523,NULL,False,0,list
207403600337042,NULL,False,0,list
207403600283796,NULL,False,0,list
207403600191454,NULL,False,0,list
207403600312344,NULL,False,0,list
207403600136032,NULL,False,0,list
207403600438754,NULL,False,0,list
207403600372141,NULL,False,0,list
207403600376537,NULL,False,0,list
207403600443678,NULL,False,0,list
207403600327342,NULL,False,0,list
207403600363503,NULL,False,0,list
207403600192277,NULL,False,0,list
207403600249011,NULL,False,0,list
207403600312591,NULL,False,0,list
207403600256130,NULL,False,0,list
207403600335004,NULL,False,0,list
207403600497062,NULL,False,0,list
207403600499038,NULL,False,0,list
207403600382608,NULL,False,0,list
207403600388619,NULL,False,0,list
207403600542549,NULL,False,0,list
207403600588239,NULL,False,0,list
207403600469727,NULL,False,0,list
207403600482079,NULL,False,0,list
207403600545331,NULL,False,0,list
207403600370198,NULL,False,0,list
207403600324551,NULL,False,0,list
207403600160795,NULL,False,0,list
207403600253682,NULL,False,0,list
207403600372065,NULL,False,0,list
207403600252785,NULL,False,0,list
207403600163314,NULL,False,0,list
207403600572394,NULL,False,0,list
207403600558446,NULL,False,0,list
207403600262967,NULL,False,0,list
207403600434844,NULL,False,0,list
207403600254393,NULL,False,0,list
207403600189277,NULL,False,0,list
207403600533364,NULL,False,0,list
207403600248883,NULL,False,0,list
207403600263727,NULL,False,0,list
207403600205488,NULL,False,0,list
207403600478245,NULL,False,0,list
207403600544090,NULL,False,0,list
207403600538659,NULL,False,0,list
207403600282489,NULL,False,0,list
207403600127265,NULL,False,0,list
207403600571631,NULL,False,0,list
207403600197496,NULL,False,0,list
207403600206665,NULL,False,0,list
207403600353903,NULL,False,0,list
207403600392846,NULL,False,0,list
207403600145477,NULL,False,0,list
207403600417722,NULL,False,0,list
207403600224243,NULL,False,0,list
207403600192039,NULL,False,0,list
207403600478450,NULL,False,0,list
207403600537992,NULL,False,0,list
207403600565319,NULL,False,0,list
207403600197145,NULL,False,0,list
207403600257467,NULL,False,0,list
207403600264766,NULL,False,0,list
207403600478042,NULL,False,0,list
207403600290214,NULL,False,0,list
207403600262953,NULL,False,0,list
207403600365157,NULL,False,0,list
207403600361830,NULL,False,0,list
207403600264424,NULL,False,0,list
207403600542672,NULL,False,0,list
207403600440368,NULL,False,0,list
207403600540217,NULL,False,0,list
207403600537933,NULL,False,0,list
207403600253491,NULL,False,0,list
207403600134451,NULL,False,0,list
207403600179350,NULL,False,0,list
207403600276863,NULL,False,0,list
207403600546204,NULL,False,0,list
207403600529456,NULL,False,0,list
207403600193047,NULL,False,0,list
207403600260127,NULL,False,0,list
207403600387466,NULL,False,0,list
207403600380855,NULL,False,0,list
207403600254922,NULL,False,0,list
207403600260215,NULL,False,0,list
207403600498152,NULL,False,0,list
207403600280476,NULL,False,0,list
207403600292744,NULL,False,0,list
207403600427628,NULL,False,0,list
207403600497117,NULL,False,0,list
207403600178934,NULL,False,0,list
207403600477894,NULL,False,0,list
207403600284977,NULL,False,0,list
207403600434317,NULL,False,0,list
207403600206642,NULL,False,0,list
207403600137365,NULL,False,0,list
207403600154355,NULL,False,0,list
207403600435894,NULL,False,0,list
207403600195095,NULL,False,0,list
207403600370486,NULL,False,0,list
207403600284317,NULL,False,0,list
207403600380339,NULL,False,0,list
207403600314753,NULL,False,0,list
207403600194834,NULL,False,0,list
207403600367712,NULL,False,0,list
207403600269477,NULL,False,0,list
207403600526752,NULL,False,0,list
207403600178709,NULL,False,0,list
207403600386243,NULL,False,0,list
207403600386917,NULL,False,0,list
207403600386192,NULL,False,0,list
207403600198377,NULL,False,0,list
207403600433585,NULL,False,0,list
207403600264720,NULL,False,0,list
207403600444475,NULL,False,0,list
207403600131996,NULL,False,0,list
207403600191537,NULL,False,0,list
207403600253995,NULL,False,0,list
207403600475851,NULL,False,0,list
207403600134740,NULL,False,0,list
207403600163830,NULL,False,0,list
207403600278116,NULL,False,0,list
207403600369995,NULL,False,0,list
207403600269336,NULL,False,0,list
207403600253303,NULL,False,0,list
207403600538673,NULL,False,0,list
207403600334560,NULL,False,0,list
207403600570072,NULL,False,0,list
207403600480861,NULL,False,0,list
207403600199881,NULL,False,0,list
207403600435119,NULL,False,0,list
207403600337459,NULL,False,0,list
207403600258586,NULL,False,0,list
207403600197124,NULL,False,0,list
207403600404116,NULL,False,0,list
207403600386886,NULL,False,0,list
207403600254580,NULL,False,0,list
207403600333182,NULL,False,0,list
207403600181881,NULL,False,0,list
207403600259598,NULL,False,0,list
207403600527247,NULL,False,0,list
207403600394823,NULL,False,0,list
207403600191841,NULL,False,0,list
207403600383437,NULL,False,0,list
207403600264734,NULL,False,0,list
207403600544183,NULL,False,0,list
207403600124395,NULL,False,0,list
207403600201878,NULL,False,0,list
207403600545121,NULL,False,0,list
207403600187646,NULL,False,0,list
207403600423328,NULL,False,0,list
207403600544328,NULL,False,0,list
207403600292315,NULL,False,0,list
207403600493076,NULL,False,0,list
207403600282843,NULL,False,0,list
207403600447466,NULL,False,0,list
207403600005536,NULL,False,0,list
207403600206772,NULL,False,0,list
207403600567456,NULL,False,0,list
207403600442587,NULL,False,0,list
207403600392563,NULL,False,0,list
207403600463888,NULL,False,0,list
207403600478243,NULL,False,0,list
207403600267809,NULL,False,0,list
207403600390285,NULL,False,0,list
207403600290186,NULL,False,0,list
207403600258477,NULL,False,0,list
207403600499811,NULL,False,0,list
207403600425010,NULL,False,0,list
207403600359156,NULL,False,0,list
207403600258127,NULL,False,0,list
207403600568690,NULL,False,0,list
207403600264401,NULL,False,0,list
207403600189145,NULL,False,0,list
207403600495759,NULL,False,0,list
207403600233421,NULL,False,0,list
207403600289696,NULL,False,0,list
207403600333388,NULL,False,0,list
207403600478698,NULL,False,0,list
207403600392699,NULL,False,0,list
207403600243401,NULL,False,0,list
207403600515505,NULL,False,0,list
207403600292146,NULL,False,0,list
207403600199352,NULL,False,0,list
207403600262094,NULL,False,0,list
207403600193741,NULL,False,0,list
207403600543511,NULL,False,0,list
207403600254441,NULL,False,0,list
207403600472284,NULL,False,0,list
207403600490407,NULL,False,0,list
207403600310864,NULL,False,0,list
207403600322857,NULL,False,0,list
207403600263495,NULL,False,0,list
207403600251037,NULL,False,0,list
207403600545229,NULL,False,0,list
207403600309760,NULL,False,0,list
207403600187820,NULL,False,0,list
207403600330257,NULL,False,0,list
207403600539326,NULL,False,0,list
207403600515971,NULL,False,0,list
207403600571482,NULL,False,0,list
207403600572295,NULL,False,0,list
207403600137276,NULL,False,0,list
207403600186942,NULL,False,0,list
207403600233999,NULL,False,0,list
207403600262825,NULL,False,0,list
207403600559915,NULL,False,0,list
207403600325554,NULL,False,0,list
207403600219192,NULL,False,0,list
207403600260250,NULL,False,0,list
207403600569644,NULL,False,0,list
207403600165006,NULL,False,0,list
207403600429496,NULL,False,0,list
207403600261659,NULL,False,0,list
207403600478069,NULL,False,0,list
207403600455289,NULL,False,0,list
207403600268813,NULL,False,0,list
207403600401469,NULL,False,0,list
207403600434418,NULL,False,0,list
207403600308027,NULL,False,0,list
207403600578146,NULL,False,0,list
207403600467838,NULL,False,0,list
207403600167635,NULL,False,0,list
207403600253347,NULL,False,0,list
207403600166061,NULL,False,0,list
207403600028423,NULL,False,0,list
207403600395402,NULL,False,0,list
207403600292766,NULL,False,0,list
207403600178470,NULL,False,0,list
207403600534891,NULL,False,0,list
207403600543289,NULL,False,0,list
207403600200712,NULL,False,0,list
207403600201335,NULL,False,0,list
207403600160099,NULL,False,0,list
207403600319186,NULL,False,0,list
207403600469348,NULL,False,0,list
207403600204261,NULL,False,0,list
207403600337224,NULL,False,0,list
207403600237066,NULL,False,0,list
207403600360643,NULL,False,0,list
207403600424738,NULL,False,0,list
207403600542012,NULL,False,0,list
207403600194305,NULL,False,0,list
207403600445935,NULL,False,0,list
207403600164412,NULL,False,0,list
207403600262195,NULL,False,0,list
207403600255951,NULL,False,0,list
207403600539844,NULL,False,0,list
207403600258223,NULL,False,0,list
207403600159890,NULL,False,0,list
207403600285711,NULL,False,0,list
207403600415569,NULL,False,0,list
207403600279394,NULL,False,0,list
207403600188479,NULL,False,0,list
207403600415393,NULL,False,0,list
207403600388756,NULL,False,0,list
207403600366648,NULL,False,0,list
207403600199738,NULL,False,0,list
207403600569490,NULL,False,0,list
207403600566556,NULL,False,0,list
207403600161347,NULL,False,0,list
207403600475850,NULL,False,0,list
207403600482026,NULL,False,0,list
207403600165555,NULL,False,0,list
207403600565607,NULL,False,0,list
207403600267597,NULL,False,0,list
207403600499053,NULL,False,0,list
207403600538612,NULL,False,0,list
207403600207514,NULL,False,0,list
207403600560923,NULL,False,0,list
