__id__,__contacts_type__,__contacts_contacts_external_id__,__contacts_contacts_id__,__contacts_contacts_type__
207403600604117,contact.list,excelcare-303,66f194a0a10cd91a477da0b3,contact
207403600604500,contact.list,org4-1016071,66f192e1f66a1712fba14cb3,contact
207403600600077,contact.list,hcone-49401,67c2f277cfc1adce6f17e085,contact
207403600604550,contact.list,52ed5a30-cdb1-11e8-8207-06ef0969ad28,660d319aab180e34153385ff,contact
207403600599719,contact.list,seacole-545744,66f283a587696ea09f138b42,contact
207403600593404,contact.list,6a9feedf-0934-11ee-a0df-06650c908a15,6632124d11331a74cfc4f3f8,contact
207403600601943,contact.list,barchester-73545,6727375f41d37229d0eb7777,contact
207403600596000,contact.list,e827970b-064f-11ec-a786-0690fb3236d3,660d336c165d380fab96b2d0,contact
207403600604075,contact.list,9bc9fd05-d0db-11e8-8207-06ef0969ad28,660d1ec259da3f916291361e,contact
207403600604293,contact.list,seacole-584130,66f1945380df831b0dab3f52,contact
207403600600120,contact.list,barchester-44407,66f19322f66a171a2460f768,contact
207403600603965,contact.list,seacole-606844,66f28563b3fd2c69c7bec20e,contact
207403600600604,contact.list,55d1aba1-44eb-11ef-af04-06543e62a147,6699213d09dff970811d362b,contact
207403600512511,contact.list,4bd8cec4-1e3a-11ed-8d0b-06fad32a79f5,660d2d84316bb33622ba44f8,contact
207403600604663,contact.list,34994ec8-3d2d-11ef-9e82-06071111da45,668bed7fe85b58259eedd485,contact
207403600604608,contact.list,barchester-44670,66f1948680df831ad951bf89,contact
207403600604126,contact.list,6d92cc3b-d7f7-11e8-8207-06ef0969ad28,660d3d4cad7f9999a09b395d,contact
207403600601270,contact.list,ce8b4975-d1a5-11e8-8207-06ef0969ad28,660d5540477221a47def1c1f,contact
207403600597370,contact.list,847c1426-f86f-11ef-9e82-06071111da45,67c81ae80ebc00304fabe8b0,contact
207403600601341,contact.list,barchester-211989,67e6c4155b42e0a723b7aa6e,contact
207403600604085,contact.list,6e9f2ead-03f2-11ec-93c7-06368a59bfb7,660d346fca40df6c671695b7,contact
207403600600971,contact.list,org4-1107035,672e1f0143f8edf0a01ebe23,contact
207403600604077,contact.list,5c0a4a99-be89-11ee-a6a0-06543e62a147,660d47fe3645d680cffb7ad7,contact
207403600603831,contact.list,seacole-558142,66f2844d61a1c06ffd40aa12,contact
207403600603860,contact.list,mtvh-679,66f194e6b359d4135bd87c39,contact
207403600603888,contact.list,seacole-746883,67781809918b789159a44e87,contact
207403600599708,contact.list,seacole-519374,66f194ae94808c1ae0215704,contact
207403600533308,contact.list,4011d3c6-2145-11ec-81cb-06cbd282f05d,660e5c42a2f06ccf1118ec27,contact
207403600602189,contact.list,seacole-474583,66f19493f66a171a54e5d416,contact
207403600601623,contact.list,barchester-101974,6799e53655d1802d51a34ac1,contact
207403600596773,contact.list,0c0dceb7-c0fc-4fdd-94b5-4128ffb83b99,67b8425d5b61495861c4bab7,contact
207403600604220,contact.list,barchester-54873,66f194acb359d419e155a0aa,contact
207403600535170,contact.list,seacole-354593,66f19459267853af4f01f7e0,contact
207403600603875,contact.list,seacole-608785,67ceba77c3e6e3392ad8c028,contact
207403600604375,contact.list,excelcare-36251,674f376adb07f87fb6c4fdac,contact
207403600604150,contact.list,beta-org2-25378,66f1946ff66a171b3e75bc81,contact
207403600604401,contact.list,org4-628371,66f285099fa29f352ca9ed71,contact
207403600603484,contact.list,org4-660313,6723a97b0b833a25244446e4,contact
207403600318278,contact.list,osjct-4563,66f192fef66a17132b890a6b,contact
207403600601090,contact.list,seacole-270631,66f193b880df8319c004dc97,contact
207403600604490,contact.list,seacole-335511,66f194ed2b26b8314f198e6e,contact
207403600545802,contact.list,org4-1125109,6745bc573d0fdb17e409c9e0,contact
207403600599914,contact.list,beta-org2-22188,66f1934e80df831a2482cf22,contact
207403600604540,contact.list,seacole-608636,67cebea8d16be33357d6585c,contact
207403600593398,contact.list,org4-604753,66f283019fa29f37f8a9dafa,contact
207403600594701,contact.list,seacole-391600,66f1937580df831340b232e6,contact
207403600603484,contact.list,org4-660313,6723a97b0b833a25244446e4,contact
207403600599780,contact.list,a8ee4410-c1c1-11ea-b6c3-0231967347d2,661ff1a9448aa29edac435e8,contact
207403600596773,contact.list,0c0dceb7-c0fc-4fdd-94b5-4128ffb83b99,67b8425d5b61495861c4bab7,contact
207403600604401,contact.list,org4-628371,66f285099fa29f352ca9ed71,contact
207403600597284,contact.list,org4-706344,66f19329f66a171a8e8d6d5f,contact
207403600604006,contact.list,org4-775909,66f194c2267853af4f01f89c,contact
207403600595392,contact.list,670843ca-ba85-11e9-8a6a-0a8256d13bf0,660d2ed65d2978b6c321a888,contact
207403600461719,contact.list,org4-1030924,66f283af99eb0842445f4eac,contact
207403600595827,contact.list,1267c2ec-d7f8-11e8-8207-06ef0969ad28,660d2b1f3203e4b3392aca2e,contact
207403600595827,contact.list,f692e035-6476-11ef-af04-06543e62a147,66cdd2cbf9af950b0208e692,contact
207403600604557,contact.list,org4-1084197,6710c94ac8cfac72cbf4605a,contact
207403600604638,contact.list,7be56ab9-7204-11ef-9c87-06214a9e6445,66e55db66ebb482b5eccf5f9,contact
207403600602189,contact.list,seacole-474583,66f19493f66a171a54e5d416,contact
207403600603888,contact.list,seacole-746883,67781809918b789159a44e87,contact
207403600604738,contact.list,e550e19f-b09a-4e63-bb88-990855a97fd9,6613ab01c2a81f5914acb8b0,contact
207403600604768,contact.list,e4e6ed90-fc96-11ee-8ee5-06a35bb5db6d,661f8cd1bc8a1f0a9cb32db4,contact
207403600604766,contact.list,seacole-474659,66f1947ba10cd91a0e5126bf,contact
207403600604546,contact.list,org4-7794,66f194c5b359d4139116107a,contact
207403600593771,contact.list,seacole-818108,67d96b0e8d0497c8bf3037d8,contact
207403600499038,contact.list,seacole-731786,6760478941af96dc8e20c6b3,contact
207403600591015,contact.list,seacole-301260,66f1942580df831a4b792624,contact
207403600604275,contact.list,seacole-815226,67d42b31a247c1e58596dca4,contact
207403600599541,contact.list,da17fdeb-efa1-11ef-90a3-06badf785645,67b88310912ee86842318814,contact
207403600599541,contact.list,6660d7bb-3394-11ef-90a3-06badf785645,667c2e3c187835f4a2ece21a,contact
207403600381825,contact.list,osjct-4563,66f192fef66a17132b890a6b,contact
207403600540267,contact.list,org4-674739,66f194b0f66a171415c2899c,contact
207403600601311,contact.list,beta-org2-2486,66f19420267853b10532fe48,contact
207403600601018,contact.list,beta-org2-4231,66f194bab359d4135bd87bee,contact
207403600593959,contact.list,e5eb4418-d1de-11ec-9438-0654f1f1207d,660d22c2d912243c8e7cfd3f,contact
207403600595411,contact.list,org4-261091,66f194acf36a9519f795580c,contact
207403600595381,contact.list,52f40781-acfe-11eb-a562-06368a59bfb7,660d19863645d60d4c472358,contact
207403600596773,contact.list,org4-677466,66f194c2b359d41ab7e66bf5,contact
207403600596773,contact.list,70a1c18d-c98d-4498-8325-0f091aee1fba,67b8425c5b61495861c4baae,contact
207403600596773,contact.list,seacole-26,66f194f5b359d414172eb886,contact
207403600596773,contact.list,8c96c7e0-2610-4441-b466-c439285ed689,67ed21a936a9d5b89a7a1961,contact
207403600600661,contact.list,org4-1259161,67ebf7dffb380d2acdf0e01b,contact
207403600601691,contact.list,org4-69197,66f191db2b26b81b0bae8049,contact
207403600601691,contact.list,org4-112610,66f194cc267853b04addb58e,contact
207403600601691,contact.list,9f1e0e6f-c3bc-4fbe-ac37-a793abd9d6c8,67f0e7b5c7c8022f1b7f779e,contact
207403600601691,contact.list,seacole-314819,66f1941b267853b08fa2d715,contact
207403600601691,contact.list,org4-836085,66f19508a10cd912f09cdc85,contact
207403600601691,contact.list,5d48ab6d-0430-43ff-861b-04411983f50b,6700404daab7de6ddfcc2a85,contact
207403600380339,contact.list,seacole-336628,66f194efb359d413911610b5,contact
207403600604308,contact.list,org4-257275,66f1942780df831340b2342d,contact
207403600544426,contact.list,fd516c57-ceb6-11eb-956c-06a12fa423f1,660d1d2b477221d60a6d447c,contact
207403600594520,contact.list,org4-1039188,66f19072267853435ce35970,contact
207403600594520,contact.list,org4-921705,66f1943c2b26b83123d81827,contact
207403600603875,contact.list,seacole-608785,67ceba77c3e6e3392ad8c028,contact
207403600595777,contact.list,e4e6ed90-fc96-11ee-8ee5-06a35bb5db6d,661f8cd1bc8a1f0a9cb32db4,contact
207403600604456,contact.list,seacole-450570,66f27c5a1971eb2853e5b287,contact
207403600601738,contact.list,org4-1243431,67dabcfb5ad80901beaf2b0e,contact
207403600601738,contact.list,org4-1139339,675967e1f959818f5ed1b74c,contact
207403600597003,contact.list,1dbad671-db4a-11eb-a786-0690fb3236d3,6613afc975bdbccb13a84eb1,contact
207403600604608,contact.list,barchester-44670,66f1948680df831ad951bf89,contact
207403600595580,contact.list,dca1170b-3203-11ef-b3af-0674a80fdf33,66792fc9e615b231727717af,contact
207403600318278,contact.list,osjct-4563,66f192fef66a17132b890a6b,contact
207403600477961,contact.list,seacole-294389,66f194afa10cd91a9b8cd7b5,contact
207403600604490,contact.list,seacole-335511,66f194ed2b26b8314f198e6e,contact
207403600571595,contact.list,careconcerngroup-106,66f19401f66a1713a9d1fe74,contact
207403600603802,contact.list,org4-356552,66f193b480df831b0dab3e2f,contact
207403600603802,contact.list,org4-356552,66f193b480df831b0dab3e2f,contact
207403600604637,contact.list,cf040b58-2128-11ec-accb-0690fb3236d3,660d32f0ad7f992ee7cf867f,contact
207403600599780,contact.list,a8ee4410-c1c1-11ea-b6c3-0231967347d2,661ff1a9448aa29edac435e8,contact
207403600604333,contact.list,seacole-676130,6728d0d557a64446f588c14e,contact
207403600603965,contact.list,seacole-606844,66f28563b3fd2c69c7bec20e,contact
207403600604590,contact.list,3199690b-328f-11ed-898a-0654f1f1207d,660d4e46bdd6dfb30a5d448b,contact
207403600596773,contact.list,0c0dceb7-c0fc-4fdd-94b5-4128ffb83b99,67b8425d5b61495861c4bab7,contact
207403600604171,contact.list,seacole-407718,66f288c71971eb252a665c36,contact
207403600604354,contact.list,seacole-744727,6773e44cd31150a9e975594d,contact
207403600604540,contact.list,seacole-608636,67cebea8d16be33357d6585c,contact
207403600604608,contact.list,barchester-44670,66f1948680df831ad951bf89,contact
207403600594701,contact.list,seacole-391600,66f1937580df831340b232e6,contact
207403600604375,contact.list,excelcare-36251,674f376adb07f87fb6c4fdac,contact
207403600604077,contact.list,5c0a4a99-be89-11ee-a6a0-06543e62a147,660d47fe3645d680cffb7ad7,contact
207403600603875,contact.list,seacole-608785,67ceba77c3e6e3392ad8c028,contact
207403600604117,contact.list,excelcare-303,66f194a0a10cd91a477da0b3,contact
207403600592034,contact.list,867fef19-af41-11ec-83d2-0642676c91fd,660da7465f0053aad2846050,contact
207403600604401,contact.list,org4-628371,66f285099fa29f352ca9ed71,contact
207403600604275,contact.list,seacole-815226,67d42b31a247c1e58596dca4,contact
207403600603802,contact.list,org4-356552,66f193b480df831b0dab3e2f,contact
207403600599914,contact.list,beta-org2-22188,66f1934e80df831a2482cf22,contact
207403600604408,contact.list,seacole-433918,66f1947b267853b08fa2d7bb,contact
207403600604077,contact.list,5c0a4a99-be89-11ee-a6a0-06543e62a147,660d47fe3645d680cffb7ad7,contact
207403600604117,contact.list,excelcare-303,66f194a0a10cd91a477da0b3,contact
207403600603965,contact.list,seacole-606844,66f28563b3fd2c69c7bec20e,contact
207403600604608,contact.list,barchester-44670,66f1948680df831ad951bf89,contact
207403600594701,contact.list,seacole-391600,66f1937580df831340b232e6,contact
207403600381825,contact.list,osjct-4563,66f192fef66a17132b890a6b,contact
207403600604590,contact.list,3199690b-328f-11ed-898a-0654f1f1207d,660d4e46bdd6dfb30a5d448b,contact
207403600604590,contact.list,fc7d85c3-323c-4533-a370-3d2803fa8aa4,67f7aec2b7432bf61dc12de7,contact
207403600593398,contact.list,org4-604753,66f283019fa29f37f8a9dafa,contact
207403600604449,contact.list,seacole-759268,6790c7b9b0913f29e17d052c,contact
207403600604006,contact.list,org4-775909,66f194c2267853af4f01f89c,contact
207403600595827,contact.list,1267c2ec-d7f8-11e8-8207-06ef0969ad28,660d2b1f3203e4b3392aca2e,contact
207403600595827,contact.list,f692e035-6476-11ef-af04-06543e62a147,66cdd2cbf9af950b0208e692,contact
207403600596773,contact.list,org4-677466,66f194c2b359d41ab7e66bf5,contact
207403600596773,contact.list,70a1c18d-c98d-4498-8325-0f091aee1fba,67b8425c5b61495861c4baae,contact
207403600596773,contact.list,seacole-26,66f194f5b359d414172eb886,contact
207403600596773,contact.list,8c96c7e0-2610-4441-b466-c439285ed689,67ed21a936a9d5b89a7a1961,contact
207403600604311,contact.list,seacole-608626,67ac9d744c092516e8a3db01,contact
207403600561899,contact.list,hcone-1966,66f1929c2b26b8147a3bc51a,contact
207403600380339,contact.list,seacole-336628,66f194efb359d413911610b5,contact
207403600604308,contact.list,org4-257275,66f1942780df831340b2342d,contact
207403600594520,contact.list,org4-1039188,66f19072267853435ce35970,contact
207403600594520,contact.list,org4-921705,66f1943c2b26b83123d81827,contact
207403600545802,contact.list,org4-1125109,6745bc573d0fdb17e409c9e0,contact
207403600604766,contact.list,seacole-474659,66f1947ba10cd91a0e5126bf,contact
207403600604540,contact.list,seacole-608636,67cebea8d16be33357d6585c,contact
207403600604278,contact.list,barchester-31004,66f1939df66a171a2460f84b,contact
207403600604201,contact.list,hcone-49064,67c8153063bbeb4bc9d6846d,contact
207403600604758,contact.list,hcone-49404,67c2dd003e2954cc0618c3d5,contact
207403600604557,contact.list,org4-1084197,6710c94ac8cfac72cbf4605a,contact
207403600604500,contact.list,org4-1016071,66f192e1f66a1712fba14cb3,contact
207403600604333,contact.list,seacole-676130,6728d0d557a64446f588c14e,contact
207403600603888,contact.list,seacole-746883,67781809918b789159a44e87,contact
207403600604171,contact.list,seacole-407718,66f288c71971eb252a665c36,contact
207403600604323,contact.list,seacole-278823,66f19488b359d4139116100e,contact
207403600604354,contact.list,seacole-744727,6773e44cd31150a9e975594d,contact
207403600535170,contact.list,beta-org2-197646,67c7105667870f4fc8e414f2,contact
207403600535170,contact.list,cc293c19-d373-4b68-8425-c706e5a26794,66fe68854c6c24342147fba1,contact
207403600535170,contact.list,seacole-357240,66f1939280df83138b80e55d,contact
207403600535170,contact.list,seacole-397358,66f194a794808c135b6a548e,contact
207403600535170,contact.list,seacole-441637,66f1930e2b26b813477c7615,contact
207403600535170,contact.list,seacole-354597,66f191ff2b26b81a56fed6ed,contact
207403600601311,contact.list,beta-org2-2486,66f19420267853b10532fe48,contact
207403600595381,contact.list,52f40781-acfe-11eb-a562-06368a59bfb7,660d19863645d60d4c472358,contact
207403600592034,contact.list,867fef19-af41-11ec-83d2-0642676c91fd,660da7465f0053aad2846050,contact
207403600593771,contact.list,seacole-818108,67d96b0e8d0497c8bf3037d8,contact
207403600591015,contact.list,seacole-301260,66f1942580df831a4b792624,contact
207403600604275,contact.list,seacole-815226,67d42b31a247c1e58596dca4,contact
207403600604738,contact.list,e550e19f-b09a-4e63-bb88-990855a97fd9,6613ab01c2a81f5914acb8b0,contact
207403600604478,contact.list,2406e0b7-42b4-11eb-8400-061f14f9fc67,660d3bfd59da3ff404a6c6f9,contact
207403600604077,contact.list,5c0a4a99-be89-11ee-a6a0-06543e62a147,660d47fe3645d680cffb7ad7,contact
207403600595381,contact.list,52f40781-acfe-11eb-a562-06368a59bfb7,660d19863645d60d4c472358,contact
207403600427075,contact.list,33044320-c117-11ef-9c87-06214a9e6445,676939e081287db1790685a7,contact
207403600604401,contact.list,org4-628371,66f285099fa29f352ca9ed71,contact
207403600597706,contact.list,19fd5bb3-3073-11ea-8720-0a9b6fdb1e78,660d1b35bca12a3c9cabcb73,contact
207403600604359,contact.list,13327723-1db0-11ef-b63a-068c6287b109,665714056cece2f987843677,contact
207403600571595,contact.list,careconcerngroup-106,66f19401f66a1713a9d1fe74,contact
207403600604550,contact.list,52ed5a30-cdb1-11e8-8207-06ef0969ad28,660d319aab180e34153385ff,contact
207403600599945,contact.list,eaedc943-d10d-11ec-83d2-0642676c91fd,660d229a08bc9f40dd868900,contact
207403600604637,contact.list,cf040b58-2128-11ec-accb-0690fb3236d3,660d32f0ad7f992ee7cf867f,contact
207403600598971,contact.list,org4-1042630,66f194c194808c13df94b8d0,contact
207403600604590,contact.list,3199690b-328f-11ed-898a-0654f1f1207d,660d4e46bdd6dfb30a5d448b,contact
207403600604590,contact.list,fc7d85c3-323c-4533-a370-3d2803fa8aa4,67f7aec2b7432bf61dc12de7,contact
207403600593398,contact.list,org4-604753,66f283019fa29f37f8a9dafa,contact
207403600592034,contact.list,867fef19-af41-11ec-83d2-0642676c91fd,660da7465f0053aad2846050,contact
207403600571595,contact.list,careconcerngroup-106,66f19401f66a1713a9d1fe74,contact
207403600604637,contact.list,cf040b58-2128-11ec-accb-0690fb3236d3,660d32f0ad7f992ee7cf867f,contact
207403600615347,contact.list,seacole-424242,66f19502a10cd91410a68099,contact
207403600610286,contact.list,2035781d-ea23-11ef-af04-06543e62a147,67ae2fd55c8b7097f20e11f2,contact
207403600616403,contact.list,seacole-78048,66f1943da10cd91410a67f4e,contact
207403600615127,contact.list,org4-1131860,67507242886b21dbf9c6b773,contact
207403600614688,contact.list,7963a3f9-5c94-11ea-8720-0a9b6fdb1e78,660e4de3df18e03e1fbe7609,contact
207403600591642,contact.list,dd35304f-0632-11ea-8a6a-0a8256d13bf0,6613b926c2a81ff91b8583a8,contact
207403600615472,contact.list,ff007b04-1cfc-11ef-8ee5-06a35bb5db6d,66588924bcb1e58456e5a8bf,contact
207403600614113,contact.list,org4-669585,66f1907126785346b8df8ab4,contact
207403600616542,contact.list,64bdb06c-6477-11ef-b3af-0674a80fdf33,66cdd4124a0681ad40a591be,contact
207403600616542,contact.list,81d1bfd4-8647-11eb-9788-06650b663377,6616b55f96c41567093e1947,contact
207403600616677,contact.list,seacole-608675,66feaab7c3be314ef9c304ca,contact
207403600613682,contact.list,seacole-837463,67f53f34ba5cbf1774cbe759,contact
207403600604201,contact.list,hcone-49064,67c8153063bbeb4bc9d6846d,contact
207403600604557,contact.list,org4-1084197,6710c94ac8cfac72cbf4605a,contact
207403600596773,contact.list,org4-677466,66f194c2b359d41ab7e66bf5,contact
207403600596773,contact.list,70a1c18d-c98d-4498-8325-0f091aee1fba,67b8425c5b61495861c4baae,contact
207403600596773,contact.list,seacole-26,66f194f5b359d414172eb886,contact
207403600596773,contact.list,8c96c7e0-2610-4441-b466-c439285ed689,67ed21a936a9d5b89a7a1961,contact
207403600604311,contact.list,seacole-608626,67ac9d744c092516e8a3db01,contact
207403600601691,contact.list,org4-69197,66f191db2b26b81b0bae8049,contact
207403600601691,contact.list,org4-112610,66f194cc267853b04addb58e,contact
207403600601691,contact.list,9f1e0e6f-c3bc-4fbe-ac37-a793abd9d6c8,67f0e7b5c7c8022f1b7f779e,contact
207403600601691,contact.list,seacole-314819,66f1941b267853b08fa2d715,contact
207403600601691,contact.list,org4-836085,66f19508a10cd912f09cdc85,contact
207403600601691,contact.list,5d48ab6d-0430-43ff-861b-04411983f50b,6700404daab7de6ddfcc2a85,contact
207403600598971,contact.list,org4-1042630,66f194c194808c13df94b8d0,contact
207403600604590,contact.list,fc7d85c3-323c-4533-a370-3d2803fa8aa4,67f7aec2b7432bf61dc12de7,contact
207403600604449,contact.list,seacole-759268,6790c7b9b0913f29e17d052c,contact
207403600595827,contact.list,1267c2ec-d7f8-11e8-8207-06ef0969ad28,660d2b1f3203e4b3392aca2e,contact
207403600595827,contact.list,f692e035-6476-11ef-af04-06543e62a147,66cdd2cbf9af950b0208e692,contact
207403600571595,contact.list,careconcerngroup-106,66f19401f66a1713a9d1fe74,contact
207403600594701,contact.list,seacole-391600,66f1937580df831340b232e6,contact
207403600593398,contact.list,org4-604753,66f283019fa29f37f8a9dafa,contact
207403600604375,contact.list,excelcare-36251,674f376adb07f87fb6c4fdac,contact
207403600604738,contact.list,e550e19f-b09a-4e63-bb88-990855a97fd9,6613ab01c2a81f5914acb8b0,contact
207403600604490,contact.list,seacole-335511,66f194ed2b26b8314f198e6e,contact
207403600604557,contact.list,org4-1084197,6710c94ac8cfac72cbf4605a,contact
207403600603875,contact.list,seacole-608785,67ceba77c3e6e3392ad8c028,contact
207403600595381,contact.list,52f40781-acfe-11eb-a562-06368a59bfb7,660d19863645d60d4c472358,contact
207403600604637,contact.list,cf040b58-2128-11ec-accb-0690fb3236d3,660d32f0ad7f992ee7cf867f,contact
207403600604077,contact.list,5c0a4a99-be89-11ee-a6a0-06543e62a147,660d47fe3645d680cffb7ad7,contact
207403600603802,contact.list,org4-356552,66f193b480df831b0dab3e2f,contact
207403600604540,contact.list,seacole-608636,67cebea8d16be33357d6585c,contact
207403600604478,contact.list,2406e0b7-42b4-11eb-8400-061f14f9fc67,660d3bfd59da3ff404a6c6f9,contact
207403600597706,contact.list,19fd5bb3-3073-11ea-8720-0a9b6fdb1e78,660d1b35bca12a3c9cabcb73,contact
207403600592034,contact.list,867fef19-af41-11ec-83d2-0642676c91fd,660da7465f0053aad2846050,contact
207403600571595,contact.list,careconcerngroup-106,66f19401f66a1713a9d1fe74,contact
207403600600040,contact.list,barchester-46852,66f19366f66a171a2460f7e7,contact
207403600598971,contact.list,org4-1042630,66f194c194808c13df94b8d0,contact
207403600601090,contact.list,seacole-270631,66f193b880df8319c004dc97,contact
207403600604540,contact.list,seacole-608636,67cebea8d16be33357d6585c,contact
207403600594701,contact.list,seacole-391600,66f1937580df831340b232e6,contact
207403600604375,contact.list,excelcare-36251,674f376adb07f87fb6c4fdac,contact
207403600596773,contact.list,0c0dceb7-c0fc-4fdd-94b5-4128ffb83b99,67b8425d5b61495861c4bab7,contact
207403600599780,contact.list,a8ee4410-c1c1-11ea-b6c3-0231967347d2,661ff1a9448aa29edac435e8,contact
207403600571595,contact.list,careconcerngroup-106,66f19401f66a1713a9d1fe74,contact
207403600604490,contact.list,seacole-335511,66f194ed2b26b8314f198e6e,contact
207403600595777,contact.list,e4e6ed90-fc96-11ee-8ee5-06a35bb5db6d,661f8cd1bc8a1f0a9cb32db4,contact
207403600600040,contact.list,seacole-26,66f194f5b359d414172eb886,contact
207403600588239,contact.list,hcone-416,66f1949eb359d4132cc5e4cc,contact
207403600593398,contact.list,org4-604753,66f283019fa29f37f8a9dafa,contact
207403600381825,contact.list,osjct-4563,66f192fef66a17132b890a6b,contact
207403600604768,contact.list,e4e6ed90-fc96-11ee-8ee5-06a35bb5db6d,661f8cd1bc8a1f0a9cb32db4,contact
207403600604436,contact.list,hcone-5676,6729f3fa071def2ef1cc2886,contact
207403600477961,contact.list,seacole-294389,66f194afa10cd91a9b8cd7b5,contact
207403600603875,contact.list,seacole-608785,67ceba77c3e6e3392ad8c028,contact
207403600576413,contact.list,hcone-5676,6729f3fa071def2ef1cc2886,contact
207403600540267,contact.list,org4-674739,66f194b0f66a171415c2899c,contact
207403600599541,contact.list,da17fdeb-efa1-11ef-90a3-06badf785645,67b88310912ee86842318814,contact
207403600599541,contact.list,6660d7bb-3394-11ef-90a3-06badf785645,667c2e3c187835f4a2ece21a,contact
207403600604590,contact.list,3199690b-328f-11ed-898a-0654f1f1207d,660d4e46bdd6dfb30a5d448b,contact
207403600604590,contact.list,fc7d85c3-323c-4533-a370-3d2803fa8aa4,67f7aec2b7432bf61dc12de7,contact
207403600592034,contact.list,867fef19-af41-11ec-83d2-0642676c91fd,660da7465f0053aad2846050,contact
207403600591015,contact.list,seacole-301260,66f1942580df831a4b792624,contact
207403600593771,contact.list,seacole-818108,67d96b0e8d0497c8bf3037d8,contact
207403600601738,contact.list,org4-1243431,67dabcfb5ad80901beaf2b0e,contact
207403600601738,contact.list,org4-1139339,675967e1f959818f5ed1b74c,contact
207403600604637,contact.list,cf040b58-2128-11ec-accb-0690fb3236d3,660d32f0ad7f992ee7cf867f,contact
207403600603888,contact.list,seacole-746883,67781809918b789159a44e87,contact
207403600596773,contact.list,org4-677466,66f194c2b359d41ab7e66bf5,contact
207403600596773,contact.list,70a1c18d-c98d-4498-8325-0f091aee1fba,67b8425c5b61495861c4baae,contact
207403600596773,contact.list,seacole-26,66f194f5b359d414172eb886,contact
207403600596773,contact.list,8c96c7e0-2610-4441-b466-c439285ed689,67ed21a936a9d5b89a7a1961,contact
207403600604289,contact.list,makingspace-18843,66f28ab7f665d6024e4b64eb,contact
207403600380339,contact.list,seacole-336628,66f194efb359d413911610b5,contact
207403600604308,contact.list,org4-257275,66f1942780df831340b2342d,contact
207403600617042,contact.list,org4-940412,66f193c2267853b08fa2d673,contact
207403600615993,contact.list,seacole-651728,67da977505e497f9fe566f4a,contact
207403600617323,contact.list,barchester-102143,6797e46b313b124ce68a0fa0,contact
207403600616835,contact.list,hcone-37650,67c72dfd601416422754da99,contact
207403600616901,contact.list,osjct-172,66f19370f66a171b0d1b2f98,contact
207403600617146,contact.list,hcone-234334,67efcb8ebb172d59489b233c,contact
207403600616508,contact.list,seacole-428991,66f1933cf66a171b3e75ba65,contact
207403600617324,contact.list,barchester-63692,66f3cc81cd188e053536e2f7,contact
207403600615907,contact.list,barchester-48692,66f194a62b26b833826c140b,contact
207403600382306,contact.list,org4-1158308,677bc77ffecbc9e9bb734b96,contact
207403600436808,contact.list,seacole-608497,673b1d3bff7a85aeb14a0e0b,contact
207403600386279,contact.list,org4-726535,66f194d9a10cd919abda1c99,contact
207403600187478,contact.list,org4-904549,67066e970026f51690e36d61,contact
207403600261867,contact.list,seacole-354597,66f191ff2b26b81a56fed6ed,contact
207403600547156,contact.list,beta-org2-121285,66f191d12b26b81b8c567802,contact
207403600392164,contact.list,org4-672015,66f194bd267853aeec7386ef,contact
207403600561501,contact.list,00d9dfb2-287c-11ed-993c-06368a59bfb7,660e5782ab180e19d08fcb6d,contact
207403600153833,contact.list,hcone-4984,66f194e294808c139eafe0d2,contact
207403600337554,contact.list,053858f9-ba15-11ee-b8e5-068c6287b109,6613a75246da2b0f103ff96e,contact
207403600473901,contact.list,barchester-10535,66f192b02b26b813dbc3bd49,contact
207403600316991,contact.list,330ca94f-bead-11ef-9e82-06071111da45,6765300127e65e8930275881,contact
207403600289120,contact.list,330ca94f-bead-11ef-9e82-06071111da45,6765300127e65e8930275881,contact
207403600267799,contact.list,seacole-546446,66f193fbf66a17132b890c2e,contact
207403600535105,contact.list,org4-51550,66f194e3b359d419aa1f2af0,contact
207403600198570,contact.list,org4-56321,66f194eeb359d414172eb877,contact
207403600204884,contact.list,1a97647c-a182-11ed-8806-06fad32a79f5,660d2979165d38b5c18fca8c,contact
207403600261403,contact.list,2677a29c-d81b-11eb-8281-06a12fa423f1,660d28f8ede50f44ca8bda08,contact
207403600135566,contact.list,seacole-643328,66f668e834acc541c2701725,contact
207403600493597,contact.list,seacole-407372,66f194ec2b26b8309cf15717,contact
207403600194851,contact.list,50525178-9353-11ed-a86d-06cc7f3b4535,660d657fc76c02047f92c716,contact
207403600532478,contact.list,org4-605268,66f192bc2b26b81b8c5679bb,contact
207403600261413,contact.list,2e4e36c7-7eed-11ee-b8e5-068c6287b109,660d45ae59ac9d64816c753d,contact
207403600255946,contact.list,org4-1064241,6718c64594a0a435067a9b1b,contact
207403600438329,contact.list,seacole-536622,66f193942b26b831bca44066,contact
207403600204132,contact.list,org4-1132772,67521da0929ec7a2617e2dcd,contact
207403600262097,contact.list,seacole-391281,66f28b78eaf3539af55d067d,contact
207403600331767,contact.list,org4-869666,66f1905a2678533e0eba13fd,contact
207403600137243,contact.list,org4-217023,66f19499f36a95143599fddd,contact
207403600487873,contact.list,seacole-458955,66f194e0f36a95198f7b1933,contact
207403600358223,contact.list,seacole-20,66f27c9987696e0f3fc6d7f2,contact
207403600493140,contact.list,org4-706344,66f19329f66a171a8e8d6d5f,contact
207403600392395,contact.list,a8d2e3e2-de2e-11ef-bfa1-06df384433bd,679a07e112b1819454d932f6,contact
207403600152065,contact.list,org4-216191,66f278cbeaf35396e0b90b61,contact
207403600260120,contact.list,seacole-371878,66f19306f66a17132b890a79,contact
207403600263037,contact.list,org4-650739,66f19402267853b00c776f70,contact
207403600199624,contact.list,fourseasons-3768,66f2840ff665d65205f8180b,contact
207403600382005,contact.list,seacole-402649,66f192102678538d19147b37,contact
207403600201814,contact.list,seacole-641778,670f838aa6e38c7d4479a1d9,contact
207403600488966,contact.list,eec61096-d8b2-11e8-8426-0ab0c724ecc4,660d597807361fb951bdd9ef,contact
207403600437878,contact.list,barchester-125354,6790d0c2b0913f55007366be,contact
207403600559968,contact.list,org4-823987,66f193072b26b81b0bae828b,contact
207403600278496,contact.list,org4-213411,66f194d32b26b831bca442af,contact
207403600595777,contact.list,e4e6ed90-fc96-11ee-8ee5-06a35bb5db6d,661f8cd1bc8a1f0a9cb32db4,contact
207403600590832,contact.list,org4-657555,66f192742b26b81b0bae8171,contact
207403600256559,contact.list,hcone-1966,66f1929c2b26b8147a3bc51a,contact
207403600496848,contact.list,hcone-75342,67b7791120daa0e7306d9027,contact
207403600499825,contact.list,5389220a-b966-11ef-90a3-06badf785645,675ff9369f4aef74c77153fd,contact
207403600134853,contact.list,org4-1039121,66f194bca10cd912a8c307c0,contact
207403600265281,contact.list,5fdc06ac-d32e-11e8-8116-069bbe222cd4,660d38abca40dfdb04869df0,contact
207403600386149,contact.list,seacole-278843,66f1903826785343209244e8,contact
207403600386149,contact.list,seacole-26,66f194f5b359d414172eb886,contact
207403600335910,contact.list,46087fe2-b6d1-11ee-9e60-06badf785645,660e926d8245cd9e4112cb57,contact
207403600290083,contact.list,org4-993020,66f1947d267853aeec73867d,contact
207403600422824,contact.list,efad0915-849c-11ef-af04-06543e62a147,6703df697fa71e8f56e5a3d6,contact
207403600256341,contact.list,seacole-20,66f27c9987696e0f3fc6d7f2,contact
207403600262959,contact.list,140c8ac7-1f38-11ed-993c-06368a59bfb7,660d1dca07361fa18cfff433,contact
207403600254089,contact.list,org4-1015904,66f191422678538066fdb37b,contact
207403600182316,contact.list,somersetcare-6784,66f2780feaf353863eb90c0f,contact
207403600322725,contact.list,org4-887267,66f192552b26b819e9ae212e,contact
207403600140068,contact.list,org4-521911,66f193bdf66a17132b890bbd,contact
207403600532637,contact.list,org4-1194680,67a496d2a85b9729e614a800,contact
207403600370208,contact.list,org4-759766,66f194e794808c198c2e6fda,contact
207403600533012,contact.list,org4-1105926,672cb188c42731f9bd3c3b51,contact
207403600160000,contact.list,org4-521117,66f194f22b26b832fb477bde,contact
207403600199867,contact.list,55ba1767-5bad-11ee-99e2-06465b68f12b,660ec9e55f0053987c67a491,contact
207403600420616,contact.list,hcone-3626,66f194fbf66a1713a9d2002b,contact
207403600538707,contact.list,5f3f0ba3-6246-11ec-bebc-065ab9285011,6613d78f07e371ddcaa5aac8,contact
207403600541751,contact.list,barchester-183319,67bc908ca1c445b112126ced,contact
207403600471477,contact.list,c479177d-d1af-11e8-8207-06ef0969ad28,660d4477b9afd2c226cb27bd,contact
207403600429915,contact.list,cf040b58-2128-11ec-accb-0690fb3236d3,660d32f0ad7f992ee7cf867f,contact
207403600429915,contact.list,cf023946-2128-11ec-accb-0690fb3236d3,660d3958aa85667aaabad4ca,contact
207403600429915,contact.list,914beb06-d0dc-11e8-8207-06ef0969ad28,660d3182d5d6cf20de151fe0,contact
207403600429915,contact.list,cf00b2d1-2128-11ec-accb-0690fb3236d3,660d29fb08bc9fbbeee2a833,contact
207403600474191,contact.list,org4-860148,66f1920d2678538de08347d5,contact
207403600153210,contact.list,org4-409394,66f271508e1864530de19c20,contact
207403600471861,contact.list,org4-348862,66f193cff66a171415c28809,contact
207403600543356,contact.list,c4b113b3-1960-11ed-a4cc-06cbd282f05d,660d3fdea3f26db067119458,contact
207403600387456,contact.list,e9d5a875-e2aa-11ed-bb90-06650c908a15,660d3374d9122414e2ae3c7c,contact
207403600477372,contact.list,a79c55b9-6256-11ec-9438-0654f1f1207d,660e4d73316bb3bc7dea4ba7,contact
207403600499435,contact.list,org4-524939,66f1905826785342befe546e,contact
207403600584911,contact.list,58eeb33b-9623-11eb-b200-06650b663377,660d26cfc57e164fbb0d8815,contact
207403600178997,contact.list,seacole-333750,66f194b0267853afe1406b4b,contact
207403600535160,contact.list,seacole-390980,66f1946b80df831a4b79269f,contact
207403600542748,contact.list,org4-1224207,67dfdd23744488b1444b09cd,contact
207403600181766,contact.list,barchester-5059,66f1948cb359d4135bd87b98,contact
207403600352241,contact.list,6c702193-bab3-11ea-8625-0a98ac46aa1c,660d306a08bc9f1721c87085,contact
207403600418859,contact.list,f9ce5ecc-cdb4-11e8-8116-069bbe222cd4,660d49a3aa85663cb9f2b39e,contact
207403600422845,contact.list,org4-794492,66f1948ef36a9512f3f43de8,contact
207403600140598,contact.list,barchester-44769,66f193702b26b83123d816ce,contact
207403600421075,contact.list,seacole-681762,672cd4494b57b85f861ef356,contact
207403600567045,contact.list,c8bf2df0-3b61-11e9-be26-0a36a76250b8,660d36f65d297820e77f9ef6,contact
207403600391473,contact.list,seacole-474626,66f1930b2678539f2b093a39,contact
207403600169129,contact.list,seacole-355094,66f194c3b359d41a41c839c9,contact
207403600169129,contact.list,seacole-588596,66f19499f36a9519d0c1ecd3,contact
207403600169129,contact.list,379323bd-1a8d-47ac-8b30-dad197b8f0af,674706e0eb239f13cfc8c45f,contact
207403600169129,contact.list,seacole-367639,66f194f7f66a17137b250c35,contact
207403600324565,contact.list,8640a3db-ba1b-11ef-9e82-06071111da45,679a695681ff9a4f94033081,contact
207403600324565,contact.list,90451b98-e531-4ccb-bb3f-6ba37e8e3f7b,67a0e021af46172888df3935,contact
207403600252226,contact.list,org4-78483,66f19497267853b161a8e855,contact
207403600547114,contact.list,b6b7a134-90ff-11ef-af04-06543e62a147,67189f66a7cc0fc6003e7a2f,contact
207403600168735,contact.list,org4-673231,66f194c080df831b0dab400c,contact
207403600585073,contact.list,seacole-608663,67976f4fbd4ea7982c04acbf,contact
207403600390275,contact.list,hcone-1966,66f1929c2b26b8147a3bc51a,contact
207403600317144,contact.list,org4-997752,66fbbaf866320763a25e4a81,contact
207403600527931,contact.list,10a18330-408b-11eb-a4cd-06650b663377,660d42e34e5f024adfbd07eb,contact
207403600201103,contact.list,seacole-556544,66f270b4dd6f3b307ca15973,contact
207403600256112,contact.list,barchester-109596,6772bb9cf513f0a63a93d70d,contact
207403600372196,contact.list,9ccba82a-71ff-11eb-9788-06650b663377,660ef10dcf8d6b8456644acd,contact
207403600421122,contact.list,org4-673072,66f194ca267853aeec738706,contact
207403600390870,contact.list,hcone-416,66f1949eb359d4132cc5e4cc,contact
207403600198268,contact.list,barchester-84519,673c9f119be47391d810496b,contact
207403600570240,contact.list,4a7bf97f-71db-11ef-9c87-06214a9e6445,66e7374f3246fe4639163599,contact
207403600570240,contact.list,org4-1073563,67050be87602ace0007197f0,contact
207403600193218,contact.list,b9c56962-5c55-11ee-bbe8-069a17da1053,661cf7c7b418d58e862e476e,contact
207403600199008,contact.list,org4-510691,66f195042b26b8314f198e96,contact
207403600122748,contact.list,seacole-628564,66f193c8267853aeec738542,contact
207403600474848,contact.list,ed7e8e72-6e85-11ef-8ee5-06a35bb5db6d,66deb6d4aa993b9b9ac5ebee,contact
207403600528347,contact.list,5864e69a-0085-11ef-b63a-068c6287b109,6626250eb0871b6e7a43bca4,contact
207403600528347,contact.list,8ba9c0c2-0fbb-11ec-9570-0654f1f1207d,660d38145d29783930199d55,contact
207403600263232,contact.list,seacole-419499,66f1905c2678534320924528,contact
207403600319057,contact.list,org4-1111328,673db264544832334628ac4f,contact
207403600477211,contact.list,742f225a-c028-11ee-a6a0-06543e62a147,67b5a46ef2f4252bfbe5988d,contact
207403600283385,contact.list,org4-985216,66f194c4a10cd913a079c683,contact
207403600475350,contact.list,seacole-635007,66f194f9267853ae40cba770,contact
207403600561899,contact.list,hcone-1966,66f1929c2b26b8147a3bc51a,contact
207403600476255,contact.list,0a1f9dc4-07a7-11ea-8a6a-0a8256d13bf0,660d2f38aa8566ff4ea79aa7,contact
207403600547156,contact.list,beta-org2-121285,66f191d12b26b81b8c567802,contact
207403600547156,contact.list,org4-794492,66f1948ef36a9512f3f43de8,contact
207403600476255,contact.list,3e1377f9-0d36-11ef-8ee5-06a35bb5db6d,66b9f27ccd6a6290e017d240,contact
207403600440730,contact.list,b96e5d69-e9e5-4f1b-a017-94d058dcbc58,67c4d375deff1794977e19e7,contact
207403600440730,contact.list,seacole-26,66f194f5b359d414172eb886,contact
207403600570111,contact.list,hcone-49123,67ac9db2213c82c344a653e4,contact
207403600289010,contact.list,seacole-20,66f27c9987696e0f3fc6d7f2,contact
207403600546890,contact.list,3abfcab4-2f5c-11ed-993c-06368a59bfb7,660d2a78b9afd2b45638ef0b,contact
207403600256421,contact.list,seacole-746883,67781809918b789159a44e87,contact
207403600444211,contact.list,org4-802896,66f194db94808c1ab1762091,contact
207403600436820,contact.list,seacole-562616,66f190412678533de8a51e48,contact
207403600251056,contact.list,471a70cf-7be8-11ef-b3af-0674a80fdf33,66f530f4cd19ee7c1d78129d,contact
207403600137889,contact.list,seacole-354593,66f19459267853af4f01f7e0,contact
207403600431498,contact.list,39c76ea4-d472-4d05-974b-ffe2400b482f,67bf99d0deff171856cd43b1,contact
207403600431498,contact.list,328165e4-1d73-438c-878f-23681e66a594,67bfba8c7db639eb881630eb,contact
207403600256130,contact.list,1b8f3b49-8f83-11ef-9c87-06214a9e6445,67160bb24e6e285ec50a8ef7,contact
207403600335004,contact.list,seacole-419823,66f194ad80df83138b80e758,contact
207403600497062,contact.list,65887307-4c43-11ec-a2ea-0642676c91fd,660d22c6c57e16213ad2e70b,contact
207403600499038,contact.list,seacole-731786,6760478941af96dc8e20c6b3,contact
207403600382608,contact.list,barchester-38281,66f1916a267853823caaea53,contact
207403600388619,contact.list,a815e409-0f7a-11e9-be26-0a36a76250b8,660fdb7746a4c091fa6ba4dc,contact
207403600542549,contact.list,433e7ecb-5eff-11eb-bafc-02b45e095f6b,660d35162cae5fb27752ba0d,contact
207403600588239,contact.list,hcone-416,66f1949eb359d4132cc5e4cc,contact
207403600469727,contact.list,org4-55493,66f194f5267853b04addb5da,contact
207403600482079,contact.list,e0780532-145c-11ef-af04-06543e62a147,664c7939afc424ecb9945819,contact
207403600545331,contact.list,97d7a970-d80e-11ef-9c87-06214a9e6445,678fcc599c974e9e893eb3be,contact
207403600370198,contact.list,hcone-1966,66f1929c2b26b8147a3bc51a,contact
207403600324551,contact.list,barchester-5059,66f1948cb359d4135bd87b98,contact
207403600160795,contact.list,org4-1054730,66f193032678539fab64fe0a,contact
207403600253682,contact.list,seacole-604642,66f192d82b26b81b0bae8231,contact
207403600372065,contact.list,osjct-16303,66f19453267853afbdb9f314,contact
207403600252785,contact.list,f9db61e8-b025-418c-bc1f-5916a54c8545,672dfc6341b6f3bfb9d93b51,contact
207403600252785,contact.list,621e6d6d-cd0e-11ef-b3af-0674a80fdf33,677d4c4b533890230c01f639,contact
207403600163314,contact.list,org4-257713,66f18ff3267853435ce3587b,contact
207403600572394,contact.list,b9555663-8250-11ef-9c87-06214a9e6445,66fffab0d8a3ba6f566d4e40,contact
207403600558446,contact.list,815de35c-14fe-11ee-b58e-069a17da1053,660d46c1aa85661b1f423370,contact
207403600262967,contact.list,excelcare-435,66f194c594808c19f4cc50f3,contact
207403600434844,contact.list,e46dbe00-c2ba-11ea-b6c3-0231967347d2,660e788679697e721c223082,contact
207403600254393,contact.list,6ace23e4-4033-11e9-be26-0a36a76250b8,660d5120ede50f5c42413d4f,contact
207403600189277,contact.list,org4-973563,66f190242678533d8576c713,contact
207403600533364,contact.list,638128d8-d7ed-11e8-8116-069bbe222cd4,660d1e872cae5fafeb613bce,contact
207403600248883,contact.list,daf0f1c9-6c4b-11eb-9788-06650b663377,660d3fc0a3f26db3dc11816f,contact
207403600263727,contact.list,org4-794455,66f194972b26b83278869058,contact
207403600205488,contact.list,org4-702342,66f1949b267853afbdb9f393,contact
207403600478245,contact.list,77963619-7554-11ed-96d4-063836399c15,660e9963a2f06c852b479969,contact
207403600478245,contact.list,50607b4f-f360-448f-87a7-5d103b7764a3,661cfb20d5dc4652d3fcd2fa,contact
207403600544090,contact.list,org4-393849,66f26b361971eb16fcdf6409,contact
207403600538659,contact.list,ea00bfed-1fc1-11ed-96d4-063836399c15,660d5787b9afd2ba0631ebf6,contact
207403600250780,contact.list,excelcare-435,66f194c594808c19f4cc50f3,contact
207403600252282,contact.list,org4-786270,66f194e994808c1ae0215778,contact
207403600392225,contact.list,4886d572-2857-4171-8e4c-f252168b697b,669778eabedd2fdfa1536a51,contact
207403600392225,contact.list,e5a380bb-4955-4f1e-ae3c-3c96796dae1d,669778ecbedd2fdfa1536a52,contact
207403600392225,contact.list,31b9d6bc-4628-11ec-9570-0654f1f1207d,661cf3d29a083477b7493128,contact
207403600392225,contact.list,063a6d51-defd-11ef-9c87-06214a9e6445,679b62628391b79640161a88,contact
207403600392225,contact.list,5cda3005-c099-4110-96c3-2dccdeb55f2d,67b717c2aea5d894768e822b,contact
207403600366073,contact.list,seacole-498305,66f1912726785380d240fcb1,contact
207403600266371,contact.list,d780c44b-9603-11ef-af04-06543e62a147,672110c07645e10c66f20557,contact
207403600413107,contact.list,seacole-335511,66f194ed2b26b8314f198e6e,contact
207403600357442,contact.list,0cf759cd-a117-11eb-b200-06650b663377,660d26bc1ce69f82e7084afb,contact
207403600545313,contact.list,e718bc29-92d8-11eb-9788-06650b663377,660fa9b78a51811e3162deb6,contact
207403600164560,contact.list,8347705f-c481-11eb-a226-0af03894ef87,660d4bf3d912245dca4107b0,contact
207403600372275,contact.list,seacole-366720,66f19500267853b00c77712d,contact
207403600385744,contact.list,seacole-702420,67444a2f54710fe66dc7f8f5,contact
207403600261891,contact.list,org4-357183,66f192b72b26b8140c1a8436,contact
207403600413396,contact.list,a129e29b-d5b8-11ef-9c87-06214a9e6445,678e840d2e73a83b1a99a3b8,contact
207403600331608,contact.list,seacole-333920,66f194e12b26b832fb477bbe,contact
207403600169000,contact.list,barchester-70,66f19462b359d4132cc5e463,contact
207403600273762,contact.list,makingspace-3147,66f1931c80df831340b23247,contact
207403600273762,contact.list,makingspace-7968,66f191e12b26b8147a3bc3b6,contact
207403600489792,contact.list,seacole-92039,66f1943fa10cd91410a67f50,contact
207403600489792,contact.list,seacole-26,66f194f5b359d414172eb886,contact
207403600272810,contact.list,org4-356844,66f19404f66a1713a9d1fe7c,contact
207403600366616,contact.list,org4-9886,66f1946a2b26b832419e2a82,contact
207403600556999,contact.list,org4-436546,66f192092b26b813dbc3bc04,contact
207403600204910,contact.list,ebf2c262-236c-11eb-964b-06650b663377,660d1ff55d2978bf1d30badf,contact
207403600540616,contact.list,seacole-248512,66f194b480df831a4b792724,contact
207403600470667,contact.list,c0f03e37-11bf-11ee-b58e-069a17da1053,660d544090ed6b502e1ba58f,contact
207403600478301,contact.list,org4-368409,66f194c4f66a1712fba14fda,contact
207403600254599,contact.list,ef5dd42e-f5b1-11ee-b3af-0674a80fdf33,6613fb35f0194fadbcf67552,contact
207403600395563,contact.list,org4-690460,66f2857c082ad58ed0832a40,contact
207403600481873,contact.list,96372dba-fef6-11e9-88db-0a7d1f9fb692,660d2de4cb6a6d97f5a114b7,contact
207403600263293,contact.list,seacole-78514,66f1948980df831a2482d16b,contact
207403600530648,contact.list,org4-1155805,67779c5eba80d7a819c1d9bc,contact
207403600290607,contact.list,e80edf37-a537-11ec-9438-0654f1f1207d,660d178dcb6a6d43789c74ac,contact
207403600202992,contact.list,seacole-599557,66f1946480df8312e836ee50,contact
207403600165555,contact.list,org4-936806,66f284ef87696e9c981396d2,contact
207403600565607,contact.list,org4-1011907,66f190322678533de8a51e31,contact
207403600267597,contact.list,osjct-4563,66f192fef66a17132b890a6b,contact
207403600499053,contact.list,87abb1ab-d660-11e8-8207-06ef0969ad28,660d63632cae5f8713d10ffe,contact
207403600538612,contact.list,careconcerngroup-81577,67c5be83950960ca41bc1e8f,contact
207403600207514,contact.list,c57c2ba7-d691-11ec-93c2-063836399c15,660d3732ca40dfc312dd1e1d,contact
207403600560923,contact.list,ccaff125-af9b-11ee-84a3-06a35bb5db6d,66e0791fcea1f35b14d7ebc0,contact
207403600267965,contact.list,208ca6e2-d0e6-11e8-8207-06ef0969ad28,660d4e49df18e0b7894f0494,contact
207403600250799,contact.list,2dca5051-21d6-11ec-accb-0690fb3236d3,660d4baa07361ffa3ae4ffec,contact
207403600546589,contact.list,b4862813-254e-11ee-bcf7-066f4ca0dd8f,6622694f35eee2f96908fdd2,contact
207403600186469,contact.list,seacole-405838,66f2832fa85f725f5ce89a19,contact
207403600285339,contact.list,d08694af-54a9-11ef-af04-06543e62a147,66b35b72c9f0e9fefc0f40c8,contact
207403600267487,contact.list,seacole-487628,66f193de267853ae7cc95418,contact
207403600197907,contact.list,d6d0d1a6-482d-11ef-8ee5-06a35bb5db6d,66a22451b6c0ae9a5a53ef5d,contact
207403600392292,contact.list,org4-326795,66f194b7f66a171415c289a5,contact
207403600188669,contact.list,barchester-70,66f19462b359d4132cc5e463,contact
207403600267439,contact.list,seacole-547996,66f1941a2b26b8309cf15593,contact
207403600489767,contact.list,seacole-480747,66f19487a10cd91a9b8cd76a,contact
207403600412090,contact.list,seacole-487154,66f194e0f36a9513b5f6c570,contact
207403600393802,contact.list,hcone-4838,6713aaef1786782ac1c5970b,contact
207403600481711,contact.list,bf400239-c9dc-5abd-b8ca-696c1d992fd3,660d39e208bc9f826d38de65,contact
207403600471403,contact.list,seacole-382997,66f19259267853941900fb3e,contact
207403600164889,contact.list,seacole-192460,66f1949294808c12bdfc5da1,contact
207403600318810,contact.list,fa4d86b9-cc8a-11ed-9a56-06cc7f3b4535,660d3846165d387e028234d6,contact
207403600544077,contact.list,64b41846-472f-11ee-bfb3-06184fe84457,660d484959da3fb687610de1,contact
207403600180366,contact.list,org4-865934,66f19498267853b00c777072,contact
207403600181532,contact.list,d178f220-de09-11ea-b6c3-0231967347d2,660d33ac1ce69f2adc62de33,contact
207403600394729,contact.list,org4-607344,66f193cd267853b04addb3dc,contact
207403600586002,contact.list,seacole-724801,67530bfc8c70599496b156e4,contact
207403600366396,contact.list,seacole-402649,66f192102678538d19147b37,contact
207403600540459,contact.list,80921b90-580b-11ec-9570-0654f1f1207d,660d5f14ab180ea89538b94b,contact
207403600190945,contact.list,barchester-70,66f19462b359d4132cc5e463,contact
207403600260558,contact.list,seacole-466153,66f194c8f66a171a8e8d703a,contact
207403600199641,contact.list,org4-671423,66f1931cf66a1713a9d1fce2,contact
207403600284289,contact.list,org4-414960,66f1944d2b26b833826c1364,contact
207403600345234,contact.list,seacole-409869,66f194c0f66a171a2460fa51,contact
207403600252018,contact.list,org4-474003,66f194aff66a171b0d1b31be,contact
207403600205531,contact.list,f72fe8b9-abfe-11ef-bfa1-06df384433bd,6745f7b7493bfe1c30bf205c,contact
207403600311473,contact.list,seacole-391281,66f28b78eaf3539af55d067d,contact
207403600532643,contact.list,0ca20a21-d0d3-11e8-8116-069bbe222cd4,660d3b0e4772215239d12c24,contact
207403600491338,contact.list,52f40781-acfe-11eb-a562-06368a59bfb7,660d19863645d60d4c472358,contact
207403600392198,contact.list,87f243d9-d1ad-11e8-8207-06ef0969ad28,660d30b8ede50fb25126b765,contact
207403600575214,contact.list,6fc7414d-8573-11eb-86fc-06cbd282f05d,660d365a3645d6b6c2218a2f,contact
207403600392397,contact.list,org4-434067,66f194cf94808c1a1ed8e99b,contact
207403600263110,contact.list,27ebef4f-e5b6-11ed-9a56-06cc7f3b4535,660d4a96cb6a6d05671798c9,contact
207403600263110,contact.list,5ffcc3b1-c140-46b6-b912-9f800ab4fd0d,6788e643c97bfad5fd6538b7,contact
207403600567656,contact.list,b1c778e3-cdbf-11e8-8207-06ef0969ad28,660d1f9a2cae5fb079614545,contact
207403600544437,contact.list,d00393b5-ebd0-11ec-9438-0654f1f1207d,660d430cbca12a485b5106c2,contact
207403600546092,contact.list,seacole-390980,66f1946b80df831a4b79269f,contact
207403600360909,contact.list,95ebaac4-9cc9-11ed-a86d-06cc7f3b4535,660d1a30d5d6cfdf15e2bd16,contact
207403600248296,contact.list,f948e007-3853-5064-b6df-5f9eba1ba03c,660e7139df18e07e49bcf640,contact
207403600392218,contact.list,471a70cf-7be8-11ef-b3af-0674a80fdf33,66f530f4cd19ee7c1d78129d,contact
207403600533765,contact.list,barchester-32108,66f1950180df831b0dab407f,contact
207403600543963,contact.list,811709fe-8d67-11ef-8ee5-06a35bb5db6d,67175c7f5073c239b10dde17,contact
207403600579093,contact.list,80921b90-580b-11ec-9570-0654f1f1207d,660d5f14ab180ea89538b94b,contact
207403600190898,contact.list,barchester-70,66f19462b359d4132cc5e463,contact
207403600385646,contact.list,78c4936b-f01b-4583-8ed4-abfce7aa9c11,67b5ab4a4b0f9cc7415b8d06,contact
207403600583657,contact.list,de0859e6-d8ae-11e8-8426-0ab0c724ecc4,660d22f7df18e07e38717563,contact
207403600540610,contact.list,org4-1187316,67af608c965da0c1ac2d50c3,contact
207403600448402,contact.list,739d5f40-81a0-11ef-8ee5-06a35bb5db6d,6728b948fe4a094f93a8938e,contact
207403600545862,contact.list,ebf2c262-236c-11eb-964b-06650b663377,660d1ff55d2978bf1d30badf,contact
207403600254772,contact.list,seacole-20,66f27c9987696e0f3fc6d7f2,contact
207403600420890,contact.list,f1b93069-cf5b-11ef-8ee5-06a35bb5db6d,6781350a59fca3d534fe107d,contact
207403600195076,contact.list,org4-963508,66f287f5fd9d55e0309a2329,contact
207403600114726,contact.list,1a85625d-813f-11e9-8a6a-0a8256d13bf0,660d595e1ce69f33baa49c72,contact
207403600114726,contact.list,a1b85147-c481-4024-bfe8-97091b95c653,669e70b2f60be60a9fce9293,contact
207403600252619,contact.list,seacole-604642,66f192d82b26b81b0bae8231,contact
207403600312358,contact.list,seacole-367340,66f1936580df8313b7e06886,contact
207403600274153,contact.list,seacole-608459,66f194a1b359d41ab7e66bb8,contact
207403600472372,contact.list,org4-926680,66f193adf66a171ad80b71df,contact
207403600282369,contact.list,ef5dd42e-f5b1-11ee-b3af-0674a80fdf33,6613fb35f0194fadbcf67552,contact
207403600538431,contact.list,seacole-504305,66f193ea2b26b83123d81789,contact
207403600466476,contact.list,0277afff-7c8d-11ee-a493-0674a80fdf33,660d22125d2978e458d7cff4,contact
207403600520683,contact.list,barchester-87006,673c494c544832825a6d8d1c,contact
207403600197163,contact.list,org4-195969,66f194a72b26b830c94dc33d,contact
207403600493967,contact.list,seacole-474115,66f194c8f66a171a54e5d472,contact
207403600372338,contact.list,4011d3c6-2145-11ec-81cb-06cbd282f05d,660e5c42a2f06ccf1118ec27,contact
207403600244271,contact.list,org4-46430,66f2bcdcdd6f3b53b1e7a497,contact
207403600495728,contact.list,org4-696343,66f194cdb359d41a41c839de,contact
207403600193900,contact.list,seacole-401258,66f193f42b26b832419e299a,contact
207403600526599,contact.list,seacole-78048,66f1943da10cd91410a67f4e,contact
207403600476060,contact.list,barchester-32457,66f192c62b26b8147a3bc56a,contact
207403600579516,contact.list,40e73691-d8b2-11e8-8426-0ab0c724ecc4,660fc2b52e9cc4f4577c3969,contact
207403600248472,contact.list,barchester-40653,66f194a92b26b831bca44261,contact
207403600207047,contact.list,c3d193d6-589b-11ea-8720-0a9b6fdb1e78,6610ebaec26771206904f7f6,contact
207403600421216,contact.list,seacole-611327,6707c803190cdaa6ef103990,contact
207403600395393,contact.list,285d7343-cf58-11ef-bfa1-06df384433bd,6784f2e07af38377f118d320,contact
207403600207036,contact.list,3b89e506-6b7c-11ef-b3af-0674a80fdf33,66d9a50f32a61fab6129f184,contact
207403600520347,contact.list,barchester-28466,66f193f7f66a17132b890c23,contact
207403600390926,contact.list,seacole-78514,66f1948980df831a2482d16b,contact
207403600318814,contact.list,org4-221068,66f194d52b26b831bca442b2,contact
207403600456264,contact.list,org4-671625,66f194b8267853af4f01f88c,contact
207403600582448,contact.list,seacole-607447,66f192be2b26b81a2aa1ca34,contact
207403600280445,contact.list,f22721af-f1c6-419f-a6b8-0f61d2b737d8,662785240caffac5b67f85b3,contact
207403600372239,contact.list,7af8ad02-3a90-11ed-993c-06368a59bfb7,660d1b36a2f06c5b94d96d9c,contact
207403600163904,contact.list,barchester-32108,66f1950180df831b0dab407f,contact
207403600167840,contact.list,seacole-251351,66f193fe80df831b0dab3eb5,contact
207403600440321,contact.list,seacole-715806,67936481d4138679870e9694,contact
207403600510252,contact.list,osjct-2804,66f194a4267853b10532ff1f,contact
207403600332925,contact.list,1feb2d88-df0b-11ef-9e82-06071111da45,679b7c9d2f8a439c9172a179,contact
207403600420629,contact.list,seacole-503678,66f190882678534320924578,contact
207403600419962,contact.list,org4-395489,66f1942af66a171b0d1b30dc,contact
207403600539638,contact.list,org4-705447,66f19458f66a171b3e75bc5c,contact
207403600285994,contact.list,org4-1162027,67937a6ddc196908e26f38a3,contact
207403600535217,contact.list,dca1170b-3203-11ef-b3af-0674a80fdf33,66792fc9e615b231727717af,contact
207403600193182,contact.list,org4-273492,66f194d2f66a171ad80b73e7,contact
207403600478442,contact.list,org4-805531,66f287ecfd9d55d4b59a28a6,contact
207403600559629,contact.list,org4-1217263,67bc79f42b8155dd839c31fb,contact
207403600472328,contact.list,barchester-58404,66f1929b2b26b81a2aa1c9f2,contact
207403600178226,contact.list,org4-880951,66f26fc187696e03bf376125,contact
207403600278973,contact.list,org4-1052767,66f3ebaacd19ee9dc5369d40,contact
207403600264679,contact.list,org4-134441,66f1900f26785342befe53e5,contact
207403600264679,contact.list,org4-137610,66f19456f66a171415c288fe,contact
207403600264679,contact.list,886346d1-7a22-4421-9515-e4d1d04c151a,678a5ed5c97bfa8995c4c5cf,contact
207403600267839,contact.list,1d4889c1-9e61-11ee-9e60-06badf785645,660d14bf3203e4664975abf3,contact
207403600192356,contact.list,seacole-359029,66f193b6f66a171ad80b71ec,contact
207403600475655,contact.list,org4-234446,66f1948bf66a171a8e8d6fd1,contact
207403600262061,contact.list,org4-9886,66f1946a2b26b832419e2a82,contact
207403600558076,contact.list,6f0e4600-b9b8-11ed-bfd6-0642676c91fd,660d2e1508bc9fd3bc1922c3,contact
207403600193901,contact.list,seacole-422131,66f192172678538db787f3dc,contact
207403600263166,contact.list,hcone-2559,66f194f6b359d41ae2330cf0,contact
207403600283626,contact.list,8a1f54ed-bb76-11ea-a026-06a80bfbb33e,66154911041d962e87282c55,contact
207403600291046,contact.list,org4-921705,66f1943c2b26b83123d81827,contact
207403600542586,contact.list,188c49b7-428d-11ea-8a02-06a80bfbb33e,660d2758d912248dece013cb,contact
207403600471869,contact.list,seacole-428451,66f193ca267853ae40cba566,contact
207403600447472,contact.list,org4-68303,66f192f12678539dfa865c1b,contact
207403600137670,contact.list,org4-86084,66f194dc80df831b0dab403f,contact
207403600244426,contact.list,1ad413ec-62bb-4d48-8105-dae4a86dba53,668682f5b8730709d744e71a,contact
207403600244426,contact.list,65b66446-4451-11eb-8400-061f14f9fc67,660d3d342cae5f18bd57225f,contact
207403600244426,contact.list,5b5ae431-7be4-11ee-a493-0674a80fdf33,660eabc7ab180e9f23b7f149,contact
207403600319237,contact.list,seacole-357240,66f1939280df83138b80e55d,contact
207403600471242,contact.list,org4-237816,66f193d9267853b00c776f29,contact
207403600411278,contact.list,seacole-425909,66f1917f2678538066fdb3dc,contact
207403600435033,contact.list,org4-1149170,676548324d3dd54cdfb465f7,contact
207403600435033,contact.list,36324b0d-df85-4a34-9cfa-f08f5af7dd4d,67c1df1bdeff177af183fa82,contact
207403600113172,contact.list,d5a78d21-28c8-11eb-a4cd-06650b663377,660d3aabc57e166372c853b4,contact
207403600568928,contact.list,barchester-83909,673cb5f265b5a8a13717b2ce,contact
207403600568928,contact.list,barchester-58404,66f1929b2b26b81a2aa1c9f2,contact
207403600568928,contact.list,barchester-84524,673b0661d01ad614a9045de6,contact
207403600568928,contact.list,barchester-84529,675048ce968b83bbebdefd7d,contact
207403600568928,contact.list,barchester-84523,673c5b679be47379d6999f22,contact
207403600015856,contact.list,org4-670278,66f1947d267853aeaf27bbb2,contact
207403600415469,contact.list,seacole-254142,66f1946fa10cd913a079c5e3,contact
207403600495849,contact.list,org4-794492,66f1948ef36a9512f3f43de8,contact
207403600156443,contact.list,org4-363756,66f192d12b26b8140c1a8469,contact
207403600392698,contact.list,77c7beac-274c-4310-a6e5-602647eb1cc1,67b246958f379bd5d55f1092,contact
207403600392698,contact.list,7a16a703-863f-435e-8199-130b33d45855,67b88ddb5b614917725823ef,contact
207403600392698,contact.list,063a6d51-defd-11ef-9c87-06214a9e6445,679b62628391b79640161a88,contact
207403600069993,contact.list,seacole-92333,66f194eaf36a951a82846282,contact
207403600254921,contact.list,org4-858052,66f193c22b26b832419e293d,contact
207403600254921,contact.list,3ff49a12-cda4-11ef-bfa1-06df384433bd,677e4ef0ac2d307afe8dbb56,contact
207403600279238,contact.list,org4-209369,66f194bc2b26b833826c1433,contact
207403600500395,contact.list,org4-280752,66f191f42678538db787f39e,contact
207403600414217,contact.list,org4-586465,66f194732b26b8309cf15630,contact
207403600141720,contact.list,seacole-488477,66f194772b26b832419e2a98,contact
207403600539984,contact.list,20712e22-f8af-11ee-af04-06543e62a147,6618ff2c6d1843a631adf605,contact
207403600262137,contact.list,seacole-566159,66f1900326785342e8da909e,contact
207403600012410,contact.list,seacole-535532,66f194ea2b26b830fbccbfff,contact
207403600475728,contact.list,seacole-314819,66f1941b267853b08fa2d715,contact
207403600475728,contact.list,org4-625159,66f1946a267853b04addb4e7,contact
207403600475728,contact.list,beta-org2-100396,66df0b0cb53ffb12e6e91f7b,contact
207403600475728,contact.list,org4-560061,66f194e694808c1a5cdcc46d,contact
207403600475728,contact.list,org4-492098,66f194d62b26b8314f198e3f,contact
207403600277498,contact.list,makingspace-4267,66f3e67ecd19eea934e689ca,contact
207403600197287,contact.list,ab76297e-726c-11ee-ba1f-061062ff72ef,660d27bd07361f26b1350461,contact
207403600192979,contact.list,org4-215877,66f194e194808c1ae021576c,contact
207403600420295,contact.list,barchester-125355,679248d17a1412aa19d2b686,contact
207403600191943,contact.list,org4-381628,66f194f1b359d419aa1f2afd,contact
207403600199666,contact.list,seacole-78514,66f1948980df831a2482d16b,contact
207403600199666,contact.list,217a846d-b6d0-418a-9bb1-247a2fe273d0,67595b0cb3f78ad35d40a040,contact
207403600199666,contact.list,4d6c414e-8950-4197-93ba-55efcb03bc8f,670383be320063d23c126daa,contact
207403600432776,contact.list,org4-586252,66f194a180df831a901de246,contact
207403600336733,contact.list,a748a040-3e82-11e9-be26-0a36a76250b8,660d3d74df18e0c20a09b103,contact
207403600389938,contact.list,somersetcare-3875,66f1942d80df8313b7e069f7,contact
207403600389938,contact.list,49ada61c-85d8-4ad5-9596-627ebf4ca66a,67b8b9bdaea5d859650797e1,contact
207403600244306,contact.list,26379da0-6912-11ef-b3af-0674a80fdf33,66d8c7859b183080467d0092,contact
207403600197069,contact.list,osjct-1132,66f1931ff66a171415c286cb,contact
207403600263124,contact.list,org4-867904,66f192892b26b81a56fed7fe,contact
207403600497930,contact.list,seacole-608483,671222b4d76782c16af0fb59,contact
207403600362637,contact.list,org4-941277,66f26a7ff665d676380fe554,contact
207403600362637,contact.list,org4-625159,66f1946a267853b04addb4e7,contact
207403600362637,contact.list,org4-560061,66f194e694808c1a5cdcc46d,contact
207403600362637,contact.list,d943caed-3752-43e2-bbdb-e5514cccd82d,67b6fabbaea5d834fcd769d1,contact
207403600531408,contact.list,62bec93c-8204-11e9-8a6a-0a8256d13bf0,660d2c2190ed6b3c3e392141,contact
207403600190628,contact.list,seacole-604723,66f1939c80df8313f25f6b3c,contact
207403600323187,contact.list,org4-140432,66f194d7b359d41a41c839ec,contact
207403600409027,contact.list,efad0915-849c-11ef-af04-06543e62a147,6703df697fa71e8f56e5a3d6,contact
207403600335010,contact.list,bdff6900-c116-11ea-862f-02a3dd817448,660d1e16d5d6cf29aeb72280,contact
207403600463675,contact.list,9270e0d9-86e9-11ef-9c87-06214a9e6445,6708e68f4823f7c3f1540833,contact
207403600477913,contact.list,seacole-441468,66f194d1f36a9512f3f43e59,contact
207403600388519,contact.list,org4-807583,66f192772b26b81391040487,contact
207403600334917,contact.list,b84bff85-7aa5-11ef-b3af-0674a80fdf33,66f313dc1c60684b2c20e2c2,contact
207403600265403,contact.list,org4-805482,66f193552678539f702111ee,contact
207403600421391,contact.list,hcone-3626,66f194fbf66a1713a9d2002b,contact
207403600561558,contact.list,org4-1146340,67b3485d2fd61b62b9e2276a,contact
207403600482199,contact.list,barchester-68470,6706556db2fb202b4bbcce2c,contact
207403600541543,contact.list,org4-887108,66f194b6b359d419e155a0bd,contact
207403600471968,contact.list,barchester-172747,67c81aa8ee502e79773b9289,contact
207403600489631,contact.list,seacole-410879,66f194ccb359d41a0852094c,contact
207403600282519,contact.list,org4-1092258,671b47eaea3f522c681223ec,contact
207403600280627,contact.list,5cf341ae-4816-11ee-8199-062c1d3a994f,660d294e07361f5348c19fa5,contact
207403600501341,contact.list,4108ce47-b226-11ef-9c87-06214a9e6445,675028fe968b83749c24d36c,contact
207403600576061,contact.list,efad0915-849c-11ef-af04-06543e62a147,6703df697fa71e8f56e5a3d6,contact
207403600493501,contact.list,seacole-410927,66f19352f66a171ad80b7133,contact
207403600493501,contact.list,seacole-26,66f194f5b359d414172eb886,contact
207403600267819,contact.list,hcone-2559,66f194f6b359d41ae2330cf0,contact
207403600198712,contact.list,org4-112253,66f28a1bfd9d552ff3a7e11c,contact
207403600050480,contact.list,76ed10ff-6115-11ee-bbe8-069a17da1053,6620d7d8e10fda1cfdccaf98,contact
207403600488001,contact.list,6e9f2ead-03f2-11ec-93c7-06368a59bfb7,660d346fca40df6c671695b7,contact
207403600404190,contact.list,d11e0be2-ddb3-11ec-9f5d-06cc7f3b4535,66d9cbacbe2307c6a52d2fec,contact
207403600189269,contact.list,0fb8bc52-983c-11ef-bfa1-06df384433bd,67288f4e324c474a28f54df3,contact
207403600261713,contact.list,org4-670278,66f1947d267853aeaf27bbb2,contact
207403600560649,contact.list,42f10ced-032f-11f0-b3af-0674a80fdf33,67d956b3baebb932ad4a1573,contact
207403600035382,contact.list,624b261d-75d1-11ea-8720-0a9b6fdb1e78,660d33c9aa85660ca353dbd4,contact
207403600363763,contact.list,fb1245b9-547e-11e9-be26-0a36a76250b8,660d3ba7a3f26db3821167eb,contact
207403600004162,contact.list,d65634e0-27c5-11ee-8199-062c1d3a994f,660d727ebdd6df00bfe2c64a,contact
207403600539978,contact.list,seacole-446723,66f1949bb359d41391161032,contact
207403600292692,contact.list,makingspace-6939,66f194bbf36a9512f3f43e32,contact
207403600336347,contact.list,mtvh-679,66f194e6b359d4135bd87c39,contact
207403600187370,contact.list,e0b0741e-588f-11ef-af04-06543e62a147,66b9da484b92f4b6d33d0bdc,contact
207403600540381,contact.list,hcone-38462,67bc73f0912ee8b41ca8da10,contact
207403600333459,contact.list,org4-745800,66f194c2f66a17132b890d83,contact
207403600137427,contact.list,org4-1102625,672a3c783f90696dc637d2b7,contact
207403600268323,contact.list,org4-1146262,6762b28911b3b909213de3ed,contact
207403600197454,contact.list,seacole-628564,66f193c8267853aeec738542,contact
207403600365770,contact.list,org4-1029260,66f193d0f66a171b3e75bb6a,contact
207403600501136,contact.list,aa7e8c65-65d9-11e9-be26-0a36a76250b8,660d3646c76c02492a81eccb,contact
207403600496008,contact.list,ecffcf23-9ff6-11ea-8625-0a98ac46aa1c,660d3805df18e0c15b099125,contact
207403600254944,contact.list,f7653c8e-7e28-11ee-a6a0-06543e62a147,660d1b85bca12a3f33abcd0b,contact
207403600395560,contact.list,seacole-407372,66f194ec2b26b8309cf15717,contact
207403600516561,contact.list,4011d3c6-2145-11ec-81cb-06cbd282f05d,660e5c42a2f06ccf1118ec27,contact
207403600566739,contact.list,609eed9f-a305-11ed-9a56-06cc7f3b4535,660d25a3d5d6cf75f97406ac,contact
207403600250193,contact.list,org4-496313,66f254cffd9d55dd7b5d8492,contact
207403600499985,contact.list,seacole-518083,66f1946b2b26b83123d81884,contact
207403600283981,contact.list,56c007f0-afda-11ea-8625-0a98ac46aa1c,6613cf9ab5d3d27fb67b81fa,contact
207403600137558,contact.list,org4-1066876,66fe5d78664ec68a1febe9b6,contact
207403600439096,contact.list,46087fe2-b6d1-11ee-9e60-06badf785645,660e926d8245cd9e4112cb57,contact
207403600263389,contact.list,seacole-628564,66f193c8267853aeec738542,contact
207403600389089,contact.list,f41a9c65-d1a1-11ef-bfa1-06df384433bd,678786358ba06e26846bb656,contact
207403600585666,contact.list,seacole-358264,66f1944e2b26b830c94dc296,contact
207403600494457,contact.list,org4-319931,66f19303f66a1712fba14cd8,contact
207403600254724,contact.list,99b76a33-5f63-4ac6-ba25-2db197cde211,677fadc591df9ce6b1a6c295,contact
207403600267652,contact.list,org4-885648,66f194bcb359d41ae2330c84,contact
207403600140271,contact.list,seacole-343863,66f19382f66a171a2460f81b,contact
207403600314405,contact.list,org4-1018773,66f192222b26b81a8037a59c,contact
207403600547156,contact.list,cad7e72f-8e2c-40ad-b5b6-e13f7bd6c440,6716076f23f1ab152ac49b5e,contact
207403600513049,contact.list,seacole-487642,66f193eb2b26b832419e298c,contact
207403600255889,contact.list,org4-847566,66f280e8082ad502822f25d3,contact
207403600430323,contact.list,seacole-608657,679a549481ff9a750a28567b,contact
207403600194905,contact.list,barchester-32120,66f194c0a10cd919abda1c6b,contact
207403600395147,contact.list,seacole-330655,66f1931f2b26b819e9ae22ae,contact
207403600267988,contact.list,excelcare-319,66f194d9f66a171b0d1b3205,contact
207403600290407,contact.list,41adff4b-c78e-11ef-90a3-06badf785645,677412e90f6bd3fe3052f678,contact
207403600543278,contact.list,seacole-477054,66f19400267853ae40cba5bf,contact
207403600289146,contact.list,beta-org2-2313,66f194d42b26b833826c1465,contact
207403600192963,contact.list,org4-638804,66f1935c80df8319c004dbed,contact
207403600487440,contact.list,seacole-158633,66f194cf2b26b831f6588320,contact
207403600369732,contact.list,beta-org2-4231,66f194bab359d4135bd87bee,contact
207403600125122,contact.list,org4-960894,66f194a080df8319f526e3bc,contact
207403600200731,contact.list,org4-327584,66f2893541abcb4d74956c68,contact
207403600253517,contact.list,seacole-417425,66f19498b359d4135bd87bad,contact
207403600253517,contact.list,4d6c414e-8950-4197-93ba-55efcb03bc8f,670383be320063d23c126daa,contact
207403600253517,contact.list,seacole-390980,66f1946b80df831a4b79269f,contact
207403600253517,contact.list,seacole-396972,66f19500f66a17137b250c49,contact
207403600204051,contact.list,org4-366503,66f194b2a10cd919e2284697,contact
207403600537317,contact.list,70ec7756-e41a-11ed-8806-06fad32a79f5,66f6bbe70772a21473b48b38,contact
207403600387128,contact.list,seacole-536622,66f193942b26b831bca44066,contact
207403600387128,contact.list,2c6bc0a0-079b-49f9-af9f-ea1e76102bf2,67b72021cf9ca5ccd0b1e8f6,contact
207403600194896,contact.list,osjct-4563,66f192fef66a17132b890a6b,contact
207403600069072,contact.list,80921b90-580b-11ec-9570-0654f1f1207d,660d5f14ab180ea89538b94b,contact
207403600069072,contact.list,681c4da8-5dab-11ec-9438-0654f1f1207d,660d2e3dd91224d01c75e2cb,contact
207403600132074,contact.list,org4-48206,66f194f580df8312e836ef5a,contact
207403600501213,contact.list,seacole-651169,673229d55edcc5a070550609,contact
207403600086960,contact.list,barchester-70,66f19462b359d4132cc5e463,contact
207403600491406,contact.list,49c985d0-9aaa-11ef-90a3-06badf785645,6729e7d4c3eabe8eee90395e,contact
207403600269287,contact.list,b4441d6f-abc0-11ee-9e60-06badf785645,660d26873203e44cff56d239,contact
207403600367102,contact.list,seacole-465465,66f194e4f36a95198f7b193c,contact
207403600389761,contact.list,seacole-409864,66f19485a10cd913a079c60f,contact
207403600194850,contact.list,org4-868132,66f195042b26b831f6588385,contact
207403600117180,contact.list,c3bb734f-7692-11eb-86fc-06cbd282f05d,660d241aa2f06ccbb83c8858,contact
207403600393832,contact.list,org4-404681,66f194d080df8319c004de90,contact
207403600496982,contact.list,d5a78d21-28c8-11eb-a4cd-06650b663377,660d3aabc57e166372c853b4,contact
207403600496982,contact.list,cb2d4970-28ca-11eb-a4cd-06650b663377,660d3bb360a8d7f420b3bb0e,contact
207403600496982,contact.list,52de8ba3-b04d-4234-b1c6-1f57cc9a2434,670e5c2dc8cfacc2dd203328,contact
207403600463878,contact.list,org4-670278,66f1947d267853aeaf27bbb2,contact
207403600463046,contact.list,c97f69e8-aa37-11ee-b8e5-068c6287b109,660d2a46d5d6cfcb915a6b34,contact
207403600537629,contact.list,org4-602947,66f192232b26b813dbc3bc34,contact
207403600283544,contact.list,ebf2c262-236c-11eb-964b-06650b663377,660d1ff55d2978bf1d30badf,contact
207403600427075,contact.list,33044320-c117-11ef-9c87-06214a9e6445,676939e081287db1790685a7,contact
207403600199666,contact.list,seacole-78514,66f1948980df831a2482d16b,contact
207403600283544,contact.list,b79c0a0c-7bbf-486c-a57f-a52738492d9e,66473123b60bc5aff160646d,contact
207403600260539,contact.list,67450a6c-d0e6-11e8-8116-069bbe222cd4,660d3b3f2d2441a98c9b0fd1,contact
207403600260539,contact.list,64bdb06c-6477-11ef-b3af-0674a80fdf33,66cdd4124a0681ad40a591be,contact
207403600137301,contact.list,seacole-566159,66f1900326785342e8da909e,contact
207403600201801,contact.list,org4-1105926,672cb188c42731f9bd3c3b51,contact
207403600317972,contact.list,org4-111182,66f1949bb359d41a41c83981,contact
207403600317972,contact.list,org4-492098,66f194d62b26b8314f198e3f,contact
207403600317972,contact.list,org4-625159,66f1946a267853b04addb4e7,contact
207403600317972,contact.list,org4-560061,66f194e694808c1a5cdcc46d,contact
207403600193065,contact.list,makingspace-2752,66f19482a10cd9134b12f361,contact
207403600247328,contact.list,seacole-433918,66f1947b267853b08fa2d7bb,contact
207403600393128,contact.list,seacole-474115,66f194c8f66a171a54e5d472,contact
207403600130193,contact.list,e550e19f-b09a-4e63-bb88-990855a97fd9,6613ab01c2a81f5914acb8b0,contact
207403600130193,contact.list,90230510-5dee-11ee-99e2-06465b68f12b,660d3ee5d912247bd0dca261,contact
207403600393017,contact.list,hcone-1966,66f1929c2b26b8147a3bc51a,contact
207403600247245,contact.list,seacole-604642,66f192d82b26b81b0bae8231,contact
207403600327232,contact.list,org4-181408,66f194d12b26b831bca442ab,contact
207403600192285,contact.list,org4-619749,66f194b42b26b831f65882ec,contact
207403600192285,contact.list,org4-619275,66f192e62678539f70211132,contact
207403600420541,contact.list,org4-582616,66f1945d2b26b8309cf1560b,contact
207403600135430,contact.list,seacole-543955,66f192e42b26b81a56fed8ac,contact
207403600327978,contact.list,org4-109928,66f194c1f66a1713a9d1ffc5,contact
207403600495496,contact.list,barchester-64187,66fbd1d9d03c7a45ba2f3ddf,contact
207403600190555,contact.list,org4-1084089,6710df7937d326af1a8beb7f,contact
207403600235595,contact.list,b2a72c6c-1ae2-11ec-9570-0654f1f1207d,660d19945d2978502a6c3078,contact
207403600254534,contact.list,excelcare-354,66f192012678538d19147b1d,contact
207403600254534,contact.list,excelcare-435,66f194c594808c19f4cc50f3,contact
207403600254534,contact.list,excelcare-66,66f194b3a10cd919e228469a,contact
207403600535110,contact.list,a2ec7101-195a-11ed-993c-06368a59bfb7,660d9cd55d2978c1b34d9808,contact
207403600535110,contact.list,3e1377f9-0d36-11ef-8ee5-06a35bb5db6d,66b9f27ccd6a6290e017d240,contact
207403600285996,contact.list,seacole-20,66f27c9987696e0f3fc6d7f2,contact
207403600282757,contact.list,org4-398687,66f1917f26785381b518b3bd,contact
207403600526004,contact.list,org4-885648,66f194bcb359d41ae2330c84,contact
207403600330130,contact.list,org4-843461,66f194a5f66a171415c28989,contact
207403600265821,contact.list,org4-990315,66f192a82b26b8140c1a841a,contact
207403600259598,contact.list,org4-757725,66f1940080df831a901de125,contact
207403600527247,contact.list,e8e16905-8d36-11ef-8ee5-06a35bb5db6d,6718b29da7cc0f85afe67ac1,contact
207403600394823,contact.list,07de8e1e-2071-11ec-93c7-06368a59bfb7,660d2c118245cd4216bfffa8,contact
207403600394823,contact.list,c037fa4b-4404-4ece-a675-4f26245c27c5,67bf1965deff17d9c086b6be,contact
207403600394823,contact.list,8dc0b226-5b8b-48e0-ac0d-6b921d99b50d,67c866a8124bac27e11dcc46,contact
207403600394823,contact.list,32dbe07d-6c53-4f93-a4bf-376e54b4378e,67c866a9124bac27e11dcc4b,contact
207403600191841,contact.list,org4-176477,66f192422678538ce8102505,contact
207403600383437,contact.list,13327723-1db0-11ef-b63a-068c6287b109,665714056cece2f987843677,contact
207403600264734,contact.list,hcone-1966,66f1929c2b26b8147a3bc51a,contact
207403600544183,contact.list,seacole-628568,66f1946b80df8312e836ee5d,contact
207403600124395,contact.list,seacole-433918,66f1947b267853b08fa2d7bb,contact
207403600201878,contact.list,f1c5bf70-955e-11ec-856a-0642676c91fd,660d21325d2978e527d7c4d0,contact
207403600545121,contact.list,seacole-480385,66f19500f36a9519f795589a,contact
207403600187646,contact.list,somersetcare-989,66f1949380df8319f526e3a6,contact
207403600423328,contact.list,62bec93c-8204-11e9-8a6a-0a8256d13bf0,660d2c2190ed6b3c3e392141,contact
207403600544328,contact.list,5ae354da-d6ff-11ef-90a3-06badf785645,678df9fe318909395b4ce3eb,contact
207403600292315,contact.list,9eedfe8a-c783-11eb-956c-06a12fa423f1,661396e8bfcf4b1fe8478800,contact
207403600493076,contact.list,seacole-390980,66f1946b80df831a4b79269f,contact
207403600282843,contact.list,barchester-55561,66f194cd2b26b833826c1452,contact
207403600447466,contact.list,org4-508460,66f193d62b26b83195be5113,contact
207403600005536,contact.list,0b214a6d-d8b3-11e8-8426-0ab0c724ecc4,660d39c9d912247d8bdc780c,contact
207403600206772,contact.list,org4-365638,66f194dcf66a171b0d1b320a,contact
207403600567456,contact.list,39ae08ea-5c8f-11ea-8720-0a9b6fdb1e78,660d331d59ac9d79fb90e069,contact
207403600442587,contact.list,seacole-596104,66f194b7267853ae7cc95591,contact
207403600392563,contact.list,seacole-412476,66f192e3267853a028b08660,contact
207403600463888,contact.list,org4-140432,66f194d7b359d41a41c839ec,contact
207403600463888,contact.list,org4-1013048,671634f36b2e1c10a1141126,contact
207403600478243,contact.list,seacole-282164,66f194e92b26b832419e2b6d,contact
207403600267809,contact.list,seacole-651212,6704f94625fb318a2b8e86cf,contact
207403600390285,contact.list,seacole-574374,66f194c280df831a901de282,contact
207403600290186,contact.list,org4-884236,66f1947ea10cd91410a67fb4,contact
207403600258477,contact.list,ce8b484a-d1a5-11e8-8207-06ef0969ad28,660d4ee9c76c0269bbdf416a,contact
207403600499811,contact.list,920a8aae-797d-11ef-b3af-0674a80fdf33,66f119c2129ac922620276e6,contact
207403600425010,contact.list,org4-309201,66f283eb99eb084d875f4cb6,contact
207403600359156,contact.list,940d96f6-d65a-11e8-8116-069bbe222cd4,660d6a08ad7f995a537f155a,contact
207403600282489,contact.list,org4-366503,66f194b2a10cd919e2284697,contact
207403600127265,contact.list,seacole-326516,66f28941a85f72b5fb60a5de,contact
207403600571631,contact.list,org4-356844,66f19404f66a1713a9d1fe7c,contact
207403600197496,contact.list,org4-903485,66f192fa2678539d8df50f97,contact
207403600206665,contact.list,35938b63-4e08-11ec-a2ea-0642676c91fd,6619a9d395f915d6cd47dc4c,contact
207403600353903,contact.list,org4-865934,66f19498267853b00c777072,contact
207403600392846,contact.list,ad0a6655-56cf-11ee-bbe8-069a17da1053,660e940490ed6b099f1131cd,contact
207403600145477,contact.list,2dca5051-21d6-11ec-accb-0690fb3236d3,660d4baa07361ffa3ae4ffec,contact
207403600417722,contact.list,org4-343187,66f18ffa267853435ce3588c,contact
207403600224243,contact.list,hcone-1966,66f1929c2b26b8147a3bc51a,contact
207403600192039,contact.list,f952e493-d797-11e8-8207-06ef0969ad28,660d38b3d5d6cf8ca3a5c2c8,contact
207403600478450,contact.list,844bbd25-dca6-11ef-90a3-06badf785645,679777ce4e63e2c87b1e323f,contact
207403600537992,contact.list,osjct-124543,675fe2429f4aef36bfb51b79,contact
207403600537629,contact.list,org4-602947,66f192232b26b813dbc3bc34,contact
207403600457535,contact.list,seacole-366720,66f19500267853b00c77712d,contact
207403600546411,contact.list,739d5f40-81a0-11ef-8ee5-06a35bb5db6d,6728b948fe4a094f93a8938e,contact
207403600565319,contact.list,0eca6b0a-bc77-11ef-bfa1-06df384433bd,676176d27533039d454eb4a9,contact
207403600197145,contact.list,fb1245b9-547e-11e9-be26-0a36a76250b8,660d3ba7a3f26db3821167eb,contact
207403600257467,contact.list,barchester-78140,673f448e7b354cb538ec7e4d,contact
207403600264766,contact.list,806fe2e2-d339-11e8-8116-069bbe222cd4,660d2e5ec57e16b8e46a0eae,contact
207403600478042,contact.list,50607b4f-f360-448f-87a7-5d103b7764a3,661cfb20d5dc4652d3fcd2fa,contact
207403600478042,contact.list,77963619-7554-11ed-96d4-063836399c15,660e9963a2f06c852b479969,contact
207403600290214,contact.list,seacole-509331,66f192902b26b813dbc3bd09,contact
207403600262953,contact.list,hcone-255,66f28b45f286f06c407e1d6b,contact
207403600365157,contact.list,11bb57bd-d244-11ea-b6c3-0231967347d2,660db00990ed6bbe155ba612,contact
207403600361830,contact.list,d2d5e8b0-6429-11ee-bbe8-069a17da1053,660d47238245cd96ffd0f55b,contact
207403600264424,contact.list,osjct-394,66f1948c267853b04addb523,contact
207403600542672,contact.list,c9cf31e4-4e81-11ef-af04-06543e62a147,66a95dcb8c02119d45504426,contact
207403600440368,contact.list,excelcare-11188,67220ce25bf1092c9cfb66e0,contact
207403600540217,contact.list,org4-1187303,679a1e3a55d1800e801a6d8b,contact
207403600537933,contact.list,ce7267a5-c96e-11ed-bfd6-0642676c91fd,660d3312165d38133b96a4cd,contact
207403600253491,contact.list,c0fec891-94e5-11ee-a6a0-06543e62a147,6613ace2041cee88fbe4731f,contact
207403600134451,contact.list,org4-1013048,671634f36b2e1c10a1141126,contact
207403600179350,contact.list,org4-910000,66f194cb2b26b832fb477b95,contact
207403600276863,contact.list,seacole-249820,66f192002b26b81a2aa1c8c5,contact
207403600544368,contact.list,org4-890309,66f281ca9fa29f09544010a6,contact
207403600544368,contact.list,c73442b0-3785-4e68-9fe6-9daae4904ae5,67e17613109b021936b7eb0a,contact
207403600445028,contact.list,osjct-2804,66f194a4267853b10532ff1f,contact
207403600283692,contact.list,org4-715137,66f289beeaf3535a2498387c,contact
207403600381539,contact.list,seacole-464984,66f194442b26b832419e2a35,contact
207403600368858,contact.list,f99fef61-6c29-11e9-8a6a-0a8256d13bf0,6613acb1d2f200af4a56a202,contact
207403600527627,contact.list,barchester-70,66f19462b359d4132cc5e463,contact
207403600331473,contact.list,org4-672015,66f194bd267853aeec7386ef,contact
207403600525361,contact.list,seacole-479986,66f19469a10cd919abda1bbf,contact
207403600267695,contact.list,org4-381628,66f194f1b359d419aa1f2afd,contact
207403600197650,contact.list,org4-679127,66f288c31971eb28b9665ac4,contact
207403600517106,contact.list,d63e91e2-dbb8-11e9-8a6a-0a8256d13bf0,660d223b07361fd150e5b2a4,contact
207403600498568,contact.list,57afc623-b258-11ef-bfa1-06df384433bd,6751726a05d5ef71499705a2,contact
207403600336793,contact.list,org4-863028,66f194a3267853af4f01f863,contact
207403600187669,contact.list,osjct-16773,66f193202b26b81a2aa1caf0,contact
207403600289839,contact.list,org4-1149935,67729556d311502adccbeb5b,contact
207403600324333,contact.list,org4-475887,66f194dd2b26b8314f198e4e,contact
207403600134637,contact.list,hcone-6604,66fff885babf49fbd6fc84e3,contact
207403600327466,contact.list,seacole-616735,66f1912026785380d240fca9,contact
207403600481808,contact.list,hcone-39773,67ab13ec419e897fc9ee8b83,contact
207403600138047,contact.list,2d7c2b9b-3b2a-11ec-9570-0654f1f1207d,660d31fe2cae5fb17c52c09e,contact
207403600138047,contact.list,8e77bd1e-a6a6-11ef-8ee5-06a35bb5db6d,673f5ad5d1647560bac8b116,contact
207403600138047,contact.list,15dc412f-2d79-407b-b7fb-554b169b56b8,6759b8fab3f78abd7d71a214,contact
207403600330399,contact.list,barchester-70,66f19462b359d4132cc5e463,contact
207403600166219,contact.list,seacole-571534,66f192052b26b81b8c567865,contact
207403600374388,contact.list,815035bf-f5bc-11ee-9c87-06214a9e6445,66681975139ecb5610528cb7,contact
207403600540759,contact.list,seacole-278993,66f1912526785381b518b326,contact
207403600205735,contact.list,org4-1039121,66f194bca10cd912a8c307c0,contact
207403600252954,contact.list,b467014b-0498-11ee-ae6e-06cc7f3b4535,660d9a8cc57e165e0a1d1e31,contact
207403600255240,contact.list,d168139a-8e93-11ea-8625-0a98ac46aa1c,660d4352d5d6cfe54ca9f17a,contact
207403600435173,contact.list,seacole-410846,66f19503a10cd91410a6809b,contact
207403600333077,contact.list,org4-1079601,670d10e225fb315af2899f79,contact
207403600282544,contact.list,seacole-610126,66f194b5f66a1712fba14fc0,contact
207403600289192,contact.list,org4-761939,66f288cab3fd2cbcc37575cd,contact
207403600201335,contact.list,org4-1119007,674f138698b423ef10f1a28d,contact
207403600160099,contact.list,barchester-73388,6718bbad9e8f8bdf2cdf35ee,contact
207403600319186,contact.list,c97f69e8-aa37-11ee-b8e5-068c6287b109,660d2a46d5d6cfcb915a6b34,contact
207403600469348,contact.list,org4-465027,66f282e5a85f725c4ee8980c,contact
207403600204261,contact.list,org4-770657,66f1914b2678538066fdb388,contact
207403600337224,contact.list,81d1a427-c90f-11ef-bfa1-06df384433bd,67769a8fba80d7579e9c36d2,contact
207403600237066,contact.list,f085739c-fadb-11ed-ae6e-06cc7f3b4535,660d317bc76c02057c27b1b0,contact
207403600360643,contact.list,12f8b12e-a921-11ec-83d2-0642676c91fd,660d1775ede50f249e947a25,contact
207403600424738,contact.list,0c7736b8-d665-11e8-8116-069bbe222cd4,660d2576df18e0aaaf3ee7be,contact
207403600542012,contact.list,org4-1000981,66f192b92b26b819e9ae21f0,contact
207403600194305,contact.list,org4-778081,66f194fb2b26b8309cf15730,contact
207403600445935,contact.list,somersetcare-821,66f193da80df831340b2339f,contact
207403600164412,contact.list,fb4201ec-9afe-11ec-9438-0654f1f1207d,660d363c4772212a175666b7,contact
207403600262195,contact.list,seacole-419536,66f194722b26b833826c13a3,contact
207403600255951,contact.list,seacole-518604,66f19467a10cd91ac90f7035,contact
207403600539844,contact.list,barchester-40653,66f194a92b26b831bca44261,contact
207403600258223,contact.list,seacole-480035,66f193f980df8319f526e287,contact
207403600159890,contact.list,org4-657403,66f192fdf66a17132b890a68,contact
207403600285711,contact.list,4e8beacf-2ebd-11ed-8d0b-06fad32a79f5,6613993c6a8ebc235370b023,contact
207403600415569,contact.list,hcone-2559,66f194f6b359d41ae2330cf0,contact
207403600279394,contact.list,org4-895554,66f194212b26b83123d817f3,contact
207403600188479,contact.list,seacole-333457,66f1941180df8313f25f6c10,contact
207403600415393,contact.list,org4-880800,66f194a9267853af4f01f871,contact
207403600388756,contact.list,org4-68303,66f192f12678539dfa865c1b,contact
207403600366648,contact.list,60e9746e-5f6a-11ed-8d0b-06fad32a79f5,660d4e423203e45fc50b046b,contact
207403600199738,contact.list,barchester-32108,66f1950180df831b0dab407f,contact
207403600569490,contact.list,eaedc943-d10d-11ec-83d2-0642676c91fd,660d229a08bc9f40dd868900,contact
207403600566556,contact.list,55d1aba1-44eb-11ef-af04-06543e62a147,6699213d09dff970811d362b,contact
207403600161347,contact.list,hcone-2980,66f194e12b26b830c94dc3ad,contact
207403600475850,contact.list,org4-971238,66f191f9267853941900fa9d,contact
207403600482026,contact.list,org4-521114,66f19488267853b00c777055,contact
207403600291461,contact.list,org4-326948,66f1935c80df831340b232b8,contact
207403600333121,contact.list,f0d46ecd-fbef-11ea-b54c-0690fb3236d3,660d263390ed6bced21bc775,contact
207403600545069,contact.list,9e0672a5-f1ba-4930-8b7c-e9d619112932,67092faf048e1ea8f31a9a1f,contact
207403600456396,contact.list,seacole-20,66f27c9987696e0f3fc6d7f2,contact
207403600474357,contact.list,org4-1158308,677bc77ffecbc9e9bb734b96,contact
207403600477758,contact.list,org4-646355,66f19486b359d412e1bde888,contact
207403600260240,contact.list,beta-org2-22188,66f1934e80df831a2482cf22,contact
207403600474005,contact.list,org4-434067,66f194cf94808c1a1ed8e99b,contact
207403600544738,contact.list,org4-1186812,6799f54fc2e13d2f88641506,contact
207403600260129,contact.list,dd3537d8-d193-11e8-8116-069bbe222cd4,660d256959ac9dceb1551b0d,contact
207403600260129,contact.list,dd353042-d193-11e8-8116-069bbe222cd4,660d277ac57e167713c8696f,contact
207403600588267,contact.list,a9cad87f-033e-11f0-b3af-0674a80fdf33,67d847e8827542fa22cbe6ab,contact
207403600191414,contact.list,org4-1112350,6734b07dff7a85913cd7a124,contact
207403600429862,contact.list,c6da89bf-5e70-11ec-9438-0654f1f1207d,660eaaeecf8d6b720b3e534c,contact
207403600189109,contact.list,org4-903485,66f192fa2678539d8df50f97,contact
207403600336847,contact.list,330ca94f-bead-11ef-9e82-06071111da45,6765300127e65e8930275881,contact
207403600540003,contact.list,careconcerngroup-8691,66f281893788d63559f2ea16,contact
207403600540776,contact.list,osjct-3258,66f194bb2b26b8314f198e0e,contact
207403600333434,contact.list,f9bbb40b-d8b0-11e8-8426-0ab0c724ecc4,660d34872d24413e3a8afc78,contact
207403600330394,contact.list,hcone-1966,66f1929c2b26b8147a3bc51a,contact
207403600470889,contact.list,10664598-ef6f-11ef-bfa1-06df384433bd,67b6ff5c057fbffd3dd98dc5,contact
207403600537844,contact.list,bf400239-c9dc-5abd-b8ca-696c1d992fd3,660d39e208bc9f826d38de65,contact
207403600459441,contact.list,seacole-458715,66f19451a10cd91410a67f61,contact
207403600459136,contact.list,barchester-32456,66f19428f66a171a8e8d6f24,contact
207403600197004,contact.list,makingspace-866,66f19487b359d41a085208d1,contact
207403600336443,contact.list,d2d8e28a-10f2-11ee-8dd9-06465b68f12b,660d2bf33203e4b3182acfa1,contact
207403600312050,contact.list,seacole-146823,66f193abf66a1713a9d1fde0,contact
207403600434542,contact.list,seacole-651764,678fb2989821134009a9178a,contact
207403600527079,contact.list,org4-67573,66f19033267853435ce358f8,contact
207403600263457,contact.list,osjct-124543,675fe2429f4aef36bfb51b79,contact
207403600428068,contact.list,2e3afd56-16eb-44fe-a284-eea32596c6f0,67c070f1414c7afe175cef98,contact
207403600428068,contact.list,560dc446-c5bd-490d-9999-d6d49246a8d1,67c070f4414c7afe175cef99,contact
207403600428068,contact.list,77f520e8-9d2c-4833-90a2-4af94f0ed6b6,67c070f4414c7afe175cef9a,contact
207403600428068,contact.list,0d009d1f-5a09-4c5a-87e1-6b4452b70a29,67c070f5414c7afe175cef9b,contact
207403600428068,contact.list,dfa134fc-afdb-4bc9-829a-7eee20f7e72a,67c08ba878c650f23b669610,contact
207403600543049,contact.list,9edaa0d6-98b7-11ec-9438-0654f1f1207d,660d356008bc9f1a32c884c3,contact
207403600475232,contact.list,seacole-383598,66f19328f66a171987cf1d1c,contact
207403600543668,contact.list,e5e69ca8-1f47-11eb-8d03-061f14f9fc67,660d31e08245cd854b5aeaae,contact
